Kecamatan,Wilayah,Kategori Objek Bencana,Sebab Kejadian,Keterangan Sebab Kejadian
Tanah Abang,Kota Administrasi Jakarta Pusat,Lain-Lain,Rokok,Rokok
Koja,Kota Administrasi Jakarta Utara,Bangunan Perumahan,Rokok,Bara Roko terjatuh di atas kasur
Kelapa Gading,Kota Administrasi Jakarta Utara,Bangunan Umum dan Perdagangan,Rokok,Bara Roko terkena bensin
Tanah Abang,Kota Administrasi Jakarta Pusat,Bangunan Umum dan Perdagangan,Rokok,Puntung Rokok
Kalideres,Kota Administrasi Jakarta Barat,Bangunan Umum dan Perdagangan,Rokok,Putung Roko
Kalideres,Kota Administrasi Jakarta Barat,Bangunan Perumahan,Rokok,Puntung Rokok
Cipayung,Kota Administrasi Jakarta Timur,Lain-Lain,Rokok,Puntung Rokok
Tambora,Kota Administrasi Jakarta Barat,Bangunan Perumahan,Rokok,Puntung Rokok
Tebet,Kota Administrasi Jakarta Selatan,Bangunan Umum dan Perdagangan,Rokok,Puntung Rokok yang di buang sembarangan
Kembangan,Kota Administrasi Jakarta Barat,Lain-Lain,Rokok,Puntung Rokok
Cilincing,Kota Administrasi Jakarta Utara,Lain-Lain,Rokok,Puntung Rokok
Cakung,Kota Administrasi Jakarta Timur,Lain-Lain,Rokok,Puntung Rokok
Tamansari,Kota Administrasi Jakarta Barat,Lain-Lain,Rokok,Puntung Rokok
Kalideres,Kota Administrasi Jakarta Barat,Lain-Lain,Rokok,Puntung Rokok
Cilandak,Kota Administrasi Jakarta Selatan,Bangunan Umum dan Perdagangan,Rokok,Puntung Rokok yang di buang sembarangan
Pasar Minggu,Kota Administrasi Jakarta Selatan,Bangunan Umum dan Perdagangan,Rokok,Puntung Rokok yang di buang sembarangan
Kebayoran Lama,Kota Administrasi Jakarta Selatan,Bangunan Umum dan Perdagangan,Rokok,Buang puntung rokok sembarangan
Grogol Petamburan,Kota Administrasi Jakarta Barat,Bangunan Perumahan,Rokok,Rokok
Kramat Jati,Kota Administrasi Jakarta Timur,Bangunan Perumahan,Rokok,Puntung Rokok
Senen,Kota Administrasi Jakarta Pusat,Lain-Lain,Rokok,Rokok yang terjatuh diatas tempat tidur
Koja,Kota Administrasi Jakarta Utara,Lain-Lain,Rokok,Puntung Rokok
Kemayoran,Kota Administrasi Jakarta Pusat,Bangunan Umum dan Perdagangan,Rokok,Puntung Rokok
Kebayoran Lama,Kota Administrasi Jakarta Selatan,Lain-Lain,Rokok,Orang membuang puntuk rokok sembarangan
Grogol Petamburan,Kota Administrasi Jakarta Barat,Bangunan Perumahan,Rokok,Puntung Rokok
Pulogadung,Kota Administrasi Jakarta Timur,Lain-Lain,Rokok,Puntung Rokok
Tambora,Kota Administrasi Jakarta Barat,Bangunan Perumahan,Rokok,
Pademangan,Kota Administrasi Jakarta Utara,Lain-Lain,Rokok,Puntung Rokok
Pasar Rebo,Kota Administrasi Jakarta Timur,Lain-Lain,Rokok,Puntung Rokok
Kemayoran,Kota Administrasi Jakarta Pusat,Lain-Lain,Rokok,Puntung Rokok
Pasar Rebo,Kota Administrasi Jakarta Timur,Bangunan Perumahan,Listrik,Konsleting Listrik
Grogol Petamburan,Kota Administrasi Jakarta Barat,Bangunan Perumahan,Listrik,Konsleting Listrik
Kemayoran,Kota Administrasi Jakarta Pusat,Bangunan Perumahan,Listrik,Konsleting Listrik
Kembangan,Kota Administrasi Jakarta Barat,Bangunan Umum dan Perdagangan,Listrik,Konsleting Listrik
Cengkareng,Kota Administrasi Jakarta Barat,Bangunan Perumahan,Listrik,Konsleting Listrik
Cengkareng,Kota Administrasi Jakarta Barat,Bangunan Umum dan Perdagangan,Listrik,Konsleting Listrik
Pulogadung,Kota Administrasi Jakarta Timur,Bangunan Perumahan,Listrik,Konsleting Listrik
Gambir,Kota Administrasi Jakarta Pusat,Bangunan Umum dan Perdagangan,Listrik,Arus Pendek
Palmerah,Kota Administrasi Jakarta Barat,Bangunan Perumahan,Listrik,Arus Pendek
Kramat Jati,Kota Administrasi Jakarta Timur,Bangunan Perumahan,Listrik,Arus Pendek
Setiabudi,Kota Administrasi Jakarta Selatan,Bangunan Umum dan Perdagangan,Listrik,Arus Pendek
Kalideres,Kota Administrasi Jakarta Barat,Bangunan Umum dan Perdagangan,Listrik,Arus Pendek
Tangerang,Kota Tangerang,Bangunan Perumahan,Listrik,Arus Pendek
Sawah Besar,Kota Administrasi Jakarta Pusat,Bangunan Umum dan Perdagangan,Listrik,Arus Pendek
Makasar,Kota Administrasi Jakarta Timur,Bangunan Perumahan,Listrik,Arus Pendek
Pademangan,Kota Administrasi Jakarta Utara,Bangunan Umum dan Perdagangan,Listrik,Arus Pendek
Ciracas,Kota Administrasi Jakarta Timur,Bangunan Umum dan Perdagangan,Listrik,Arus Pendek
Cakung,Kota Administrasi Jakarta Timur,Lain-Lain,Listrik,Arus Pendek
Cengkareng,Kota Administrasi Jakarta Barat,Bangunan Umum dan Perdagangan,Listrik,Arus Pendek
Kebun Jeruk,Kota Administrasi Jakarta Barat,Kendaraan,Listrik,Arus Pendek
Pasar Rebo,Kota Administrasi Jakarta Timur,Bangunan Umum dan Perdagangan,Listrik,Arus Pendek
Tanjung Priok,Kota Administrasi Jakarta Utara,Bangunan Perumahan,Listrik,Arus Pendek
Sawah Besar,Kota Administrasi Jakarta Pusat,Bangunan Umum dan Perdagangan,Listrik,Arus Pendek
Ciracas,Kota Administrasi Jakarta Timur,Lain-Lain,Listrik,Arus Pendek
Jatinegara,Kota Administrasi Jakarta Timur,Bangunan Umum dan Perdagangan,Listrik,Arus pendek pada AC
Cengkareng,Kota Administrasi Jakarta Barat,Lain-Lain,Listrik,Arus Pendek
Pancoran,Kota Administrasi Jakarta Selatan,Bangunan Umum dan Perdagangan,Listrik,Arus Pendek
Pulogadung,Kota Administrasi Jakarta Timur,Bangunan Perumahan,Listrik,Arus Pendek
Penjaringan,Kota Administrasi Jakarta Utara,Bangunan Perumahan,Listrik,Arus Pendek
Cipayung,Kota Administrasi Jakarta Timur,Kendaraan,Listrik,Arus Pendek
Tamansari,Kota Administrasi Jakarta Barat,Bangunan Perumahan,Listrik,Arus Pendek Listrik
Cilandak,Kota Administrasi Jakarta Selatan,Bangunan Umum dan Perdagangan,Listrik,Arus Pendek
Pulogadung,Kota Administrasi Jakarta Timur,Bangunan Umum dan Perdagangan,Listrik,Arus Pendek
Tambora,Kota Administrasi Jakarta Barat,Bangunan Perumahan,Listrik,Arus Pendek
Kramat Jati,Kota Administrasi Jakarta Timur,Bangunan Umum dan Perdagangan,Listrik,Konsleting Listrik
Kebayoran Lama,Kota Administrasi Jakarta Selatan,Kendaraan,Listrik,Arus Pendek
Menteng,Kota Administrasi Jakarta Pusat,Bangunan Umum dan Perdagangan,Listrik,Arus Pendek
Sawah Besar,Kota Administrasi Jakarta Pusat,Bangunan Umum dan Perdagangan,Listrik,Arus Pendek
Cengkareng,Kota Administrasi Jakarta Barat,Bangunan Perumahan,Listrik,Arus Pendek
Tamansari,Kota Administrasi Jakarta Barat,Bangunan Umum dan Perdagangan,Listrik,Arus Pendek
Matraman,Kota Administrasi Jakarta Timur,Bangunan Perumahan,Listrik,Arus Pendek
Cipayung,Kota Administrasi Jakarta Timur,Bangunan Perumahan,Listrik,Arus Pendek
Tanah Abang,Kota Administrasi Jakarta Pusat,Bangunan Umum dan Perdagangan,Listrik,Arus Pendek
Kemayoran,Kota Administrasi Jakarta Pusat,Kendaraan,Listrik,Konsleting ACCU
Cilincing,Kota Administrasi Jakarta Utara,Bangunan Perumahan,Listrik,Konsleting Listrik
Makasar,Kota Administrasi Jakarta Timur,Bangunan Perumahan,Listrik,Arus Pendek
Tambora,Kota Administrasi Jakarta Barat,Bangunan Perumahan,Listrik,Arus Pendek
Tanjung Priok,Kota Administrasi Jakarta Utara,Bangunan Perumahan,Listrik,Konsleting Listrik
Grogol Petamburan,Kota Administrasi Jakarta Barat,Lain-Lain,Listrik,Konsleting Listrik
Tambora,Kota Administrasi Jakarta Barat,Bangunan Perumahan,Listrik,Konsleting Listrik
Palmerah,Kota Administrasi Jakarta Barat,Bangunan Umum dan Perdagangan,Listrik,Arus Pendek
Setiabudi,Kota Administrasi Jakarta Selatan,Kendaraan,Listrik,Arus Pendek
Palmerah,Kota Administrasi Jakarta Barat,Kendaraan,Listrik,Konsleting Accu
Kembangan,Kota Administrasi Jakarta Barat,Kendaraan,Listrik,Konsleting Accu
Pademangan,Kota Administrasi Jakarta Utara,Kendaraan,Listrik,Arus Pendek
Kemayoran,Kota Administrasi Jakarta Pusat,Bangunan Perumahan,Listrik,Arus Pendek
Jatinegara,Kota Administrasi Jakarta Timur,Lain-Lain,Listrik,Arus Pendek
Penjaringan,Kota Administrasi Jakarta Utara,Bangunan Industri,Listrik,Konsleting Listrik
Kemayoran,Kota Administrasi Jakarta Pusat,Bangunan Perumahan,Listrik,Konsleting Listrik
Tebet,Kota Administrasi Jakarta Selatan,Bangunan Umum dan Perdagangan,Listrik,Arus Pendek
Grogol Petamburan,Kota Administrasi Jakarta Barat,Bangunan Perumahan,Listrik,Konsleting Listrik
Gambir,Kota Administrasi Jakarta Pusat,Bangunan Umum dan Perdagangan,Listrik,Konsleting Listrik
Kebayoran Lama,Kota Administrasi Jakarta Selatan,Bangunan Perumahan,Listrik,Konsleting Listrik
Jagakarsa,Kota Administrasi Jakarta Selatan,Bangunan Perumahan,Listrik,Konsleting Listrik
Senen,Kota Administrasi Jakarta Pusat,Bangunan Umum dan Perdagangan,Listrik,Konsleting Listrik
Pasar Rebo,Kota Administrasi Jakarta Timur,Bangunan Perumahan,Listrik,Konsleting Listrik
Kembangan,Kota Administrasi Jakarta Barat,Bangunan Perumahan,Listrik,Konlseting Listrik
Kalideres,Kota Administrasi Jakarta Barat,Bangunan Perumahan,Listrik,Konsleting Listrik
Tangerang,Kota Tangerang,Bangunan Perumahan,Listrik,Konsleting Listrik
Kramat Jati,Kota Administrasi Jakarta Timur,Bangunan Perumahan,Listrik,Konlseting Listrik
Cilincing,Kota Administrasi Jakarta Utara,Bangunan Perumahan,Listrik,Arus Pendek
Pademangan,Kota Administrasi Jakarta Utara,Bangunan Perumahan,Listrik,Arus Pendek Listrik
Kebayoran Baru,Kota Administrasi Jakarta Selatan,Bangunan Umum dan Perdagangan,Listrik,Konlseting Listrik
Tamansari,Kota Administrasi Jakarta Barat,Bangunan Umum dan Perdagangan,Listrik,Konsleting Listrik
Pasar Minggu,Kota Administrasi Jakarta Selatan,Lain-Lain,Listrik,Konsleting Listrik
Pulogadung,Kota Administrasi Jakarta Timur,Bangunan Perumahan,Listrik,Konsleting Listrik
Tambora,Kota Administrasi Jakarta Barat,Bangunan Perumahan,Listrik,Konsleting Listrik
Penjaringan,Kota Administrasi Jakarta Utara,Bangunan Perumahan,Listrik,Konsleting Listrik
Duren Sawit,Kota Administrasi Jakarta Timur,Bangunan Perumahan,Listrik,Konsleting Listrik
Cempaka Putih,Kota Administrasi Jakarta Pusat,Bangunan Perumahan,Listrik,Korsleting Listrik
Kebayoran Baru,Kota Administrasi Jakarta Selatan,Kendaraan,Listrik,Konsleting kabel accu
Cengkareng,Kota Administrasi Jakarta Barat,Bangunan Umum dan Perdagangan,Listrik,Konsleting Listrik
Cengkareng,Kota Administrasi Jakarta Barat,Bangunan Perumahan,Listrik,Konsleting Listrik
Cilandak,Kota Administrasi Jakarta Selatan,Lain-Lain,Listrik,Konsleting Listrik
Cempaka Putih,Kota Administrasi Jakarta Pusat,Kendaraan,Listrik,Konsleting
Grogol Petamburan,Kota Administrasi Jakarta Barat,Bangunan Umum dan Perdagangan,Listrik,Konsleting
Kebun Jeruk,Kota Administrasi Jakarta Barat,Lain-Lain,Listrik,Konsleting Listrik
Tangerang,Kota Tangerang,Bangunan Umum dan Perdagangan,Listrik,Konsleting Listrik
Penjaringan,Kota Administrasi Jakarta Utara,Bangunan Umum dan Perdagangan,Listrik,Konsleting Listrik
Senen,Kota Administrasi Jakarta Pusat,Bangunan Perumahan,Listrik,Korsleting Listrik
Pademangan,Kota Administrasi Jakarta Utara,Bangunan Umum dan Perdagangan,Listrik,Korsleting Listrik
Tangerang,Kota Tangerang,Bangunan Perumahan,Listrik,Saklar Listrik
Bekasi,Kota Bekasi,Bangunan Perumahan,Listrik,Arus Pendek Listrik
Jatinegara,Kota Administrasi Jakarta Timur,Bangunan Industri,Listrik,Konsleting Listrik
Tebet,Kota Administrasi Jakarta Selatan,Lain-Lain,Listrik,Konmsleting Listrik
Cengkareng,Kota Administrasi Jakarta Barat,Bangunan Perumahan,Listrik,Konsleting Listrik
Kalideres,Kota Administrasi Jakarta Barat,Lain-Lain,Listrik,Arus Pendek Gardu Listrik
Jatinegara,Kota Administrasi Jakarta Timur,Lain-Lain,Listrik,Arus Pendek
Pulogadung,Kota Administrasi Jakarta Timur,Lain-Lain,Listrik,Arus Pendek
Tangerang,Kota Tangerang,Bangunan Umum dan Perdagangan,Listrik,Arus pendek
Cipayung,Kota Administrasi Jakarta Timur,Lain-Lain,Listrik,Arus Pendek
Kalideres,Kota Administrasi Jakarta Barat,Lain-Lain,Listrik,Arus Pendek
Kebayoran Baru,Kota Administrasi Jakarta Selatan,Lain-Lain,Listrik,Konsleting Listrik
Duren Sawit,Kota Administrasi Jakarta Timur,Lain-Lain,Listrik,Arus Pendek
Tebet,Kota Administrasi Jakarta Selatan,Bangunan Perumahan,Listrik,Arus Pendek
Tanjung Priok,Kota Administrasi Jakarta Utara,Bangunan Perumahan,Listrik,Konsleting Listrik
Kebayoran Baru,Kota Administrasi Jakarta Selatan,Bangunan Perumahan,Listrik,Konsleting Listrik
Tanjung Priok,Kota Administrasi Jakarta Utara,Bangunan Umum dan Perdagangan,Listrik,Konsleting Listrik
Pademangan,Kota Administrasi Jakarta Utara,Bangunan Perumahan,Listrik,Konsleting Listrik
Jagakarsa,Kota Administrasi Jakarta Selatan,Lain-Lain,Listrik,Konsleting Listrik
Cipayung,Kota Administrasi Jakarta Timur,Bangunan Umum dan Perdagangan,Listrik,Konsleting Listrik
Pasar Minggu,Kota Administrasi Jakarta Selatan,Bangunan Umum dan Perdagangan,Listrik,Konsleting Listrik
Sawah Besar,Kota Administrasi Jakarta Pusat,Bangunan Umum dan Perdagangan,Listrik,Konsleting Listrik
Kramat Jati,Kota Administrasi Jakarta Timur,Lain-Lain,Listrik,Konsleting Listrik
Kramat Jati,Kota Administrasi Jakarta Timur,Kendaraan,Listrik,Konsleting Listrik
Matraman,Kota Administrasi Jakarta Timur,Bangunan Umum dan Perdagangan,Listrik,Konsleting Listrik
Cengkareng,Kota Administrasi Jakarta Barat,Bangunan Perumahan,Listrik,Konsleting Listrik Pada  Mesin Open
Makasar,Kota Administrasi Jakarta Timur,Bangunan Perumahan,Listrik,Konsleting Listrik
Tanjung Priok,Kota Administrasi Jakarta Utara,Kendaraan,Listrik,Konsleting Listrik
Cakung,Kota Administrasi Jakarta Timur,Lain-Lain,Listrik,Konsleting Listrik
Tamansari,Kota Administrasi Jakarta Barat,Bangunan Umum dan Perdagangan,Listrik,Konsleting Listrik
Kebayoran Lama,Kota Administrasi Jakarta Selatan,Lain-Lain,Listrik,Konsleting Listrik
Duren Sawit,Kota Administrasi Jakarta Timur,Lain-Lain,Listrik,Konsleting Listrik
Cempaka Putih,Kota Administrasi Jakarta Pusat,Bangunan Perumahan,Listrik,Konsleting Listrik
Pesanggrahan,Kota Administrasi Jakarta Selatan,Lain-Lain,Listrik,Konsleting Listrik
Penjaringan,Kota Administrasi Jakarta Utara,Bangunan Perumahan,Listrik,Konsleting Listrik
Cipayung,Kota Administrasi Jakarta Timur,Bangunan Perumahan,Listrik,Konsleting Listrik
Gambir,Kota Administrasi Jakarta Pusat,Kendaraan,Listrik,Konsleting Listrik
Jatinegara,Kota Administrasi Jakarta Timur,Bangunan Perumahan,Listrik,Konsleting Listrik
Pasar Minggu,Kota Administrasi Jakarta Selatan,Bangunan Perumahan,Listrik,Arus Pendek Listrik
Cengkareng,Kota Administrasi Jakarta Barat,Bangunan Perumahan,Listrik,Arus Pendek Listrik
Cilandak,Kota Administrasi Jakarta Selatan,Bangunan Perumahan,Listrik,Arus Pendek Listrik
Senen,Kota Administrasi Jakarta Pusat,Bangunan Umum dan Perdagangan,Listrik,Arus Pendek Listrik
Sawah Besar,Kota Administrasi Jakarta Pusat,Lain-Lain,Listrik,Arus Pendek Listrik
Jagakarsa,Kota Administrasi Jakarta Selatan,Bangunan Perumahan,Listrik,Arus Pendek Listrik
Kebayoran Lama,Kota Administrasi Jakarta Selatan,Bangunan Perumahan,Listrik,Arus Pendek Listrik
Penjaringan,Kota Administrasi Jakarta Utara,Bangunan Perumahan,Listrik,Arus Pendek Listrik
Kebayoran Baru,Kota Administrasi Jakarta Selatan,Bangunan Umum dan Perdagangan,Listrik,Arus Pendek Listrik
Kramat Jati,Kota Administrasi Jakarta Timur,Lain-Lain,Listrik,Arus Pendek Listrik
Pasar Rebo,Kota Administrasi Jakarta Timur,Lain-Lain,Listrik,Arus Pendek Listrik
Kembangan,Kota Administrasi Jakarta Barat,Lain-Lain,Listrik,Arus Pendek Listrik
Tangerang,Kota Tangerang,Bangunan Perumahan,Listrik,Arus Pendek Listrik
Kalideres,Kota Administrasi Jakarta Barat,Bangunan Umum dan Perdagangan,Listrik,Arus Pendek Listrik
Tamansari,Kota Administrasi Jakarta Barat,Bangunan Umum dan Perdagangan,Listrik,Arus Pendek Listrik
Pesanggrahan,Kota Administrasi Jakarta Selatan,Bangunan Perumahan,Listrik,Arus Pendek Listrik
Kebun Jeruk,Kota Administrasi Jakarta Barat,Kendaraan,Listrik,Konsleting kabel
Depok,Kota Depok,Bangunan Umum dan Perdagangan,Listrik,Konsleting Listrik
Pancoran,Kota Administrasi Jakarta Selatan,Lain-Lain,Listrik,Konsleting Listrik
Cakung,Kota Administrasi Jakarta Timur,Bangunan Perumahan,Listrik,Konsleting Listrik
Kembangan,Kota Administrasi Jakarta Barat,Kendaraan,Listrik,Konsleting Listrik
Cilincing,Kota Administrasi Jakarta Utara,Kendaraan,Listrik,Konsleting Accu
Cengkareng,Kota Administrasi Jakarta Barat,Bangunan Umum dan Perdagangan,Listrik,Konaleting Listrik
Jagakarsa,Kota Administrasi Jakarta Selatan,Bangunan Perumahan,Listrik,Konsleting Listrik
Kebayoran Lama,Kota Administrasi Jakarta Selatan,Bangunan Umum dan Perdagangan,Listrik,Konsleting Listrik
Pulogadung,Kota Administrasi Jakarta Timur,Bangunan Perumahan,Listrik,Konsleting Listrik
Pancoran,Kota Administrasi Jakarta Selatan,Lain-Lain,Listrik,Konsleting Listrik
Gambir,Kota Administrasi Jakarta Pusat,Bangunan Umum dan Perdagangan,Listrik,Konsleting Listrik
Grogol Petamburan,Kota Administrasi Jakarta Barat,Bangunan Perumahan,Listrik,Konsleting Listrik
Duren Sawit,Kota Administrasi Jakarta Timur,Lain-Lain,Listrik,Konsleting Listrik
Pesanggrahan,Kota Administrasi Jakarta Selatan,Bangunan Perumahan,Listrik,Arus Pendek Listrik
Grogol Petamburan,Kota Administrasi Jakarta Barat,Bangunan Perumahan,Listrik,Arus Pendek Listrik
Tambora,Kota Administrasi Jakarta Barat,Bangunan Perumahan,Listrik,Arus Pendek Listrik
Kalideres,Kota Administrasi Jakarta Barat,Bangunan Perumahan,Listrik,Konsleting Accu
Pasar Minggu,Kota Administrasi Jakarta Selatan,Lain-Lain,Listrik,Arus Pendek Listrik
Tamansari,Kota Administrasi Jakarta Barat,Bangunan Umum dan Perdagangan,Listrik,Konsleting Listrik
Duren Sawit,Kota Administrasi Jakarta Timur,Bangunan Perumahan,Listrik,Konsleting Listrik
Cempaka Putih,Kota Administrasi Jakarta Pusat,Bangunan Perumahan,Listrik,Konsleting Listrik
Gambir,Kota Administrasi Jakarta Pusat,Bangunan Umum dan Perdagangan,Listrik,Konsleting Listrik
Kebayoran Lama,Kota Administrasi Jakarta Selatan,Lain-Lain,Listrik,Konsleting Listrik
Kebayoran Baru,Kota Administrasi Jakarta Selatan,Lain-Lain,Listrik,Konsleting Listrik
Gambir,Kota Administrasi Jakarta Pusat,Bangunan Perumahan,Listrik,Konsleting Listrik
Tambora,Kota Administrasi Jakarta Barat,Bangunan Industri,Listrik,Mesin Cetak Sablon
Kembangan,Kota Administrasi Jakarta Barat,Bangunan Perumahan,Listrik,Konsleting Listrik
Koja,Kota Administrasi Jakarta Utara,Bangunan Perumahan,Listrik,Konsleting Listrik
Cakung,Kota Administrasi Jakarta Timur,Lain-Lain,Listrik,Konsleting Listrik
Gambir,Kota Administrasi Jakarta Pusat,Lain-Lain,Listrik,Konsleting Listrik
Menteng,Kota Administrasi Jakarta Pusat,Bangunan Umum dan Perdagangan,Listrik,Konsleting Listrik
Tanjung Priok,Kota Administrasi Jakarta Utara,Bangunan Perumahan,Listrik,Konsleting Listrik
Kembangan,Kota Administrasi Jakarta Barat,Bangunan Umum dan Perdagangan,Listrik,Konsleting Listrik
Kramat Jati,Kota Administrasi Jakarta Timur,Lain-Lain,Listrik,Konsleting Listrik
Grogol Petamburan,Kota Administrasi Jakarta Barat,Kendaraan,Listrik,Konsleting Listrik
Pasar Minggu,Kota Administrasi Jakarta Selatan,Bangunan Umum dan Perdagangan,Listrik,Konsleting Listrik
Cengkareng,Kota Administrasi Jakarta Barat,Bangunan Umum dan Perdagangan,Listrik,Konsleting Listrik
Cengkareng,Kota Administrasi Jakarta Barat,Bangunan Umum dan Perdagangan,Listrik,Konsleting Listrik
Tanah Abang,Kota Administrasi Jakarta Pusat,Lain-Lain,Listrik,
Penjaringan,Kota Administrasi Jakarta Utara,Bangunan Perumahan,Listrik,Konsleting Listrik
Koja,Kota Administrasi Jakarta Utara,Lain-Lain,Listrik,Konsleting Listrik
Kalideres,Kota Administrasi Jakarta Barat,Kendaraan,Listrik,Konsleting Listrik
Kebayoran Lama,Kota Administrasi Jakarta Selatan,Kendaraan,Listrik,Konsleting Accu
Tebet,Kota Administrasi Jakarta Selatan,Bangunan Umum dan Perdagangan,Listrik,Konsleting Listrik
Kebayoran Lama,Kota Administrasi Jakarta Selatan,Bangunan Perumahan,Listrik,Konsleting Listrik
Tambora,Kota Administrasi Jakarta Barat,Bangunan Perumahan,Listrik,Konsleting Listrik
Kalideres,Kota Administrasi Jakarta Barat,Lain-Lain,Listrik,Konsleting Listrik
Kembangan,Kota Administrasi Jakarta Barat,Lain-Lain,Listrik,Konsleting Listrik
Tanjung Priok,Kota Administrasi Jakarta Utara,Bangunan Perumahan,Listrik,Konsleting Listrik
Bekasi,Kota Bekasi,Bangunan Umum dan Perdagangan,Listrik,Konsleting pada Oven Listrik
Tambora,Kota Administrasi Jakarta Barat,Bangunan Perumahan,Listrik,Konsleting Listrik
Tambora,Kota Administrasi Jakarta Barat,Bangunan Perumahan,Listrik,Arus Pendek Listrik
Cakung,Kota Administrasi Jakarta Timur,Bangunan Perumahan,Listrik,Arus Pendek Listrik
Depok,Kota Depok,Bangunan Umum dan Perdagangan,Listrik,Arus Pendek Listrik
Pulogadung,Kota Administrasi Jakarta Timur,Kendaraan,Listrik,Korsleting Listrik
Pademangan,Kota Administrasi Jakarta Utara,Bangunan Perumahan,Listrik,Korsleting Listrik
Grogol Petamburan,Kota Administrasi Jakarta Barat,Bangunan Perumahan,Listrik,Konsleting Listrik
Gambir,Kota Administrasi Jakarta Pusat,Lain-Lain,Listrik,Konsleting Listrik
Kalideres,Kota Administrasi Jakarta Barat,Lain-Lain,Listrik,Konsleting Listrik
Tanah Abang,Kota Administrasi Jakarta Pusat,Lain-Lain,Listrik,Konsleting Listrik
Kalideres,Kota Administrasi Jakarta Barat,Lain-Lain,Listrik,Konsleting Listrik
Cipayung,Kota Administrasi Jakarta Timur,Lain-Lain,Listrik,Konsleting Listrik
Penjaringan,Kota Administrasi Jakarta Utara,Bangunan Perumahan,Listrik,Aksi Protes
Tanjung Priok,Kota Administrasi Jakarta Utara,Bangunan Perumahan,Listrik,Konsleting Listrik
Cilincing,Kota Administrasi Jakarta Utara,Lain-Lain,Listrik,Konsleting Listrik
Pademangan,Kota Administrasi Jakarta Utara,Bangunan Umum dan Perdagangan,Listrik,Arus Pendek
Jatinegara,Kota Administrasi Jakarta Timur,Bangunan Perumahan,Listrik,Reaksi Panas
Cakung,Kota Administrasi Jakarta Timur,Bangunan Perumahan,Listrik,0
Koja,Kota Administrasi Jakarta Utara,Bangunan Perumahan,Listrik,
Menteng,Kota Administrasi Jakarta Pusat,Bangunan Perumahan,Listrik,Arus Pendek
Tebet,Kota Administrasi Jakarta Selatan,Bangunan Umum dan Perdagangan,Listrik,Arus Pendek
Palmerah,Kota Administrasi Jakarta Barat,Lain-Lain,Listrik,Arus Pendek
Grogol Petamburan,Kota Administrasi Jakarta Barat,Lain-Lain,Listrik,Arus Pendek
Johar Baru,Kota Administrasi Jakarta Pusat,Lain-Lain,Listrik,Arus Pendek
Tamansari,Kota Administrasi Jakarta Barat,Bangunan Perumahan,Listrik,Konsleting Listrik
Pulogadung,Kota Administrasi Jakarta Timur,Lain-Lain,Listrik,Konsleting Listrik
Tebet,Kota Administrasi Jakarta Selatan,Lain-Lain,Listrik,hubungan arus pendek listrik
Kebayoran Baru,Kota Administrasi Jakarta Selatan,Bangunan Perumahan,Listrik,Hubungan arus pendek listrik
Kalideres,Kota Administrasi Jakarta Barat,Bangunan Umum dan Perdagangan,Listrik,Arus Pendek Listrik
Penjaringan,Kota Administrasi Jakarta Utara,Bangunan Umum dan Perdagangan,Listrik,Arus Pendek Listrik
Cempaka Putih,Kota Administrasi Jakarta Pusat,Lain-Lain,Listrik,Arus Pendek Listrik
Kebayoran Baru,Kota Administrasi Jakarta Selatan,Bangunan Umum dan Perdagangan,Listrik,Arus Pendek Listrik
Duren Sawit,Kota Administrasi Jakarta Timur,Lain-Lain,Listrik,Arus Pendek Listrik
Kebun Jeruk,Kota Administrasi Jakarta Barat,Lain-Lain,Listrik,Arus Pendek Listrik
Tanjung Priok,Kota Administrasi Jakarta Utara,Lain-Lain,Listrik,Konsleting Listrik
Gambir,Kota Administrasi Jakarta Pusat,Bangunan Perumahan,Listrik,Konsleting Listrik
Pancoran,Kota Administrasi Jakarta Selatan,Kendaraan,Listrik,Konsleting Pada ACCU
Tambora,Kota Administrasi Jakarta Barat,Bangunan Perumahan,Listrik,Konsleting Listrik
Cilincing,Kota Administrasi Jakarta Utara,Bangunan Perumahan,Listrik,
Cilandak,Kota Administrasi Jakarta Selatan,Bangunan Perumahan,Listrik,MCB Listrik Meledak
Kebun Jeruk,Kota Administrasi Jakarta Barat,Bangunan Perumahan,Listrik,Konsleting Listrik
Palmerah,Kota Administrasi Jakarta Barat,Bangunan Perumahan,Listrik,Konsleting Listrik
Kramat Jati,Kota Administrasi Jakarta Timur,Bangunan Perumahan,Listrik,Konsleting Listrik
Jatinegara,Kota Administrasi Jakarta Timur,Bangunan Perumahan,Listrik,Konsleting Listrik
Tambora,Kota Administrasi Jakarta Barat,Bangunan Umum dan Perdagangan,Listrik,Konsleting Listrik
Pasar Minggu,Kota Administrasi Jakarta Selatan,Lain-Lain,Listrik,Konsleting listrik
Tangerang,Kota Tangerang,Bangunan Umum dan Perdagangan,Listrik,Konsleting Listrik
Cakung,Kota Administrasi Jakarta Timur,Bangunan Perumahan,Listrik,Konsleting Listrik
Pesanggrahan,Kota Administrasi Jakarta Selatan,Bangunan Perumahan,Listrik,Konsleting Listrik
Senen,Kota Administrasi Jakarta Pusat,Kendaraan,Listrik,Konsleting Listrik
Kebayoran Lama,Kota Administrasi Jakarta Selatan,Lain-Lain,Listrik,Konsleting Listrik
Kembangan,Kota Administrasi Jakarta Barat,Kendaraan,Listrik,Konsleting Listrik
Kebayoran Baru,Kota Administrasi Jakarta Selatan,Bangunan Umum dan Perdagangan,Listrik,Konsleting Listrik
Jagakarsa,Kota Administrasi Jakarta Selatan,Bangunan Umum dan Perdagangan,Listrik,Arus beban Lebih
Tambora,Kota Administrasi Jakarta Barat,Lain-Lain,Listrik,Arus Pendek Listrik
Mampang Prapatan,Kota Administrasi Jakarta Selatan,Bangunan Perumahan,Listrik,Arus Pendek Listrik
Tebet,Kota Administrasi Jakarta Selatan,Kendaraan,Listrik,Konsleting Listrik
Penjaringan,Kota Administrasi Jakarta Utara,Bangunan Umum dan Perdagangan,Listrik,Konsleting Listrik
Kebayoran Baru,Kota Administrasi Jakarta Selatan,Lain-Lain,Listrik,Konsleting Listrik
Pesanggrahan,Kota Administrasi Jakarta Selatan,Lain-Lain,Listrik,Konsleting Listrik
Menteng,Kota Administrasi Jakarta Pusat,Bangunan Umum dan Perdagangan,Listrik,Arus Pendek Listrik
Pasar Minggu,Kota Administrasi Jakarta Selatan,Lain-Lain,Listrik,Konsleting Listrik
Bekasi,Kota Bekasi,Bangunan Perumahan,Listrik,Konsleting Listrik
Tebet,Kota Administrasi Jakarta Selatan,Bangunan Perumahan,Listrik,Konsleting Listrik
Kebayoran Lama,Kota Administrasi Jakarta Selatan,Bangunan Perumahan,Listrik,Konsleting Listrik
Kelapa Gading,Kota Administrasi Jakarta Utara,Lain-Lain,Listrik,Konsleting Listrik
Palmerah,Kota Administrasi Jakarta Barat,Bangunan Perumahan,Listrik,Konsleting Listrik
Cilandak,Kota Administrasi Jakarta Selatan,Bangunan Perumahan,Listrik,Konsleting Listrik
Ciracas,Kota Administrasi Jakarta Timur,Lain-Lain,Listrik,Konsleting Listrik
Tambora,Kota Administrasi Jakarta Barat,Lain-Lain,Listrik,Arus Pendek Listrik
Kalideres,Kota Administrasi Jakarta Barat,Bangunan Perumahan,Listrik,Konsleting Listrik
Cipayung,Kota Administrasi Jakarta Timur,Bangunan Umum dan Perdagangan,Listrik,Konsleting Listrik
Kramat Jati,Kota Administrasi Jakarta Timur,Lain-Lain,Listrik,Konsleting Listrik
Depok,Kota Depok,Kendaraan,Listrik,Korsleting Accu
Kramat Jati,Kota Administrasi Jakarta Timur,Bangunan Umum dan Perdagangan,Listrik,Konsleting Listrik
Pasar Minggu,Kota Administrasi Jakarta Selatan,Lain-Lain,Listrik,Konsleting Listrik
Kembangan,Kota Administrasi Jakarta Barat,Kendaraan,Listrik,Korsleting Accu
Pademangan,Kota Administrasi Jakarta Utara,Lain-Lain,Listrik,Arus Pendek Listrik
Kramat Jati,Kota Administrasi Jakarta Timur,Lain-Lain,Listrik,Korsleting Listrik
Pancoran,Kota Administrasi Jakarta Selatan,Bangunan Perumahan,Listrik,Konsleting Listrik
Cakung,Kota Administrasi Jakarta Timur,Lain-Lain,Listrik,Konsleting Listrik
Cempaka Putih,Kota Administrasi Jakarta Pusat,Bangunan Perumahan,Listrik,Konsleting Listrik
Kembangan,Kota Administrasi Jakarta Barat,Kendaraan,Listrik,Konsleting Kabel
Tebet,Kota Administrasi Jakarta Selatan,Bangunan Perumahan,Listrik,Konsleting Listrik
Kebayoran Lama,Kota Administrasi Jakarta Selatan,Lain-Lain,Listrik,Konsleting Listrik
Cilincing,Kota Administrasi Jakarta Utara,Bangunan Perumahan,Listrik,Konsleting Listrik
Setiabudi,Kota Administrasi Jakarta Selatan,Bangunan Perumahan,Listrik,Arus Pendek Listrik
Kembangan,Kota Administrasi Jakarta Barat,Lain-Lain,Listrik,Arus Pendek Listrik
Depok,Kota Depok,Bangunan Umum dan Perdagangan,Listrik,Arus Pendek Listrik
Kebayoran Lama,Kota Administrasi Jakarta Selatan,Lain-Lain,Listrik,Konsleting Listrik
Pulogadung,Kota Administrasi Jakarta Timur,Kendaraan,Listrik,Konsleting Listrik
Kebayoran Baru,Kota Administrasi Jakarta Selatan,Bangunan Umum dan Perdagangan,Listrik,Konsleting Listrik
Tebet,Kota Administrasi Jakarta Selatan,Kendaraan,Listrik,Konsleting Listrik
Jagakarsa,Kota Administrasi Jakarta Selatan,Kendaraan,Listrik,Konsleting Listrik
Cilandak,Kota Administrasi Jakarta Selatan,Bangunan Umum dan Perdagangan,Listrik,Konsleting Listrik
Kebun Jeruk,Kota Administrasi Jakarta Barat,Bangunan Industri,Listrik,Konsleting Listrik
Grogol Petamburan,Kota Administrasi Jakarta Barat,Bangunan Perumahan,Listrik,Angin Kencang
Kebun Jeruk,Kota Administrasi Jakarta Barat,Bangunan Umum dan Perdagangan,Listrik,Arus Pendek Listrik
Kebayoran Lama,Kota Administrasi Jakarta Selatan,Kendaraan,Listrik,Konsleting kabel accu
Makasar,Kota Administrasi Jakarta Timur,Kendaraan,Listrik,Konsleting Kabel
Cempaka Putih,Kota Administrasi Jakarta Pusat,Bangunan Perumahan,Listrik,Konsleting Listrik
Duren Sawit,Kota Administrasi Jakarta Timur,Bangunan Perumahan,Listrik,Arus Pendek Listrik
Cempaka Putih,Kota Administrasi Jakarta Pusat,Bangunan Perumahan,Listrik,Arus Pendek Listrik
Kebayoran Baru,Kota Administrasi Jakarta Selatan,Lain-Lain,Listrik,Arus Pendek Listrik
Penjaringan,Kota Administrasi Jakarta Utara,Bangunan Industri,Listrik,Arus Pendek Listrik
Penjaringan,Kota Administrasi Jakarta Utara,Bangunan Perumahan,Listrik,Arus Pendek Listrik
Cengkareng,Kota Administrasi Jakarta Barat,Bangunan Perumahan,Listrik,Arus Pendek Listrik
Tanjung Priok,Kota Administrasi Jakarta Utara,Bangunan Perumahan,Listrik,Arus Pendek Listrik
Kelapa Gading,Kota Administrasi Jakarta Utara,Kendaraan,Listrik,Korsleting Accu
Menteng,Kota Administrasi Jakarta Pusat,Bangunan Umum dan Perdagangan,Listrik,Konsleting Listrik
Jagakarsa,Kota Administrasi Jakarta Selatan,Lain-Lain,Listrik,Konsleting Listrik
Cilandak,Kota Administrasi Jakarta Selatan,Bangunan Perumahan,Listrik,Konsleting Listrik
Kembangan,Kota Administrasi Jakarta Barat,Kendaraan,Listrik,Konsleting Listrik
Kemayoran,Kota Administrasi Jakarta Pusat,Bangunan Perumahan,Listrik,Konsleting Listrik
Pancoran,Kota Administrasi Jakarta Selatan,Lain-Lain,Listrik,Konsleting Listrik
Cakung,Kota Administrasi Jakarta Timur,Lain-Lain,Listrik,Konsleting Listrik
Pasar Rebo,Kota Administrasi Jakarta Timur,Bangunan Perumahan,Listrik,Arus Pendek Listrik
Kebayoran Baru,Kota Administrasi Jakarta Selatan,Lain-Lain,Listrik,Konsleting Listrik
Cilandak,Kota Administrasi Jakarta Selatan,Lain-Lain,Listrik,Arus Pendek Listrik
Tambora,Kota Administrasi Jakarta Barat,Lain-Lain,Listrik,Konsleting Listrik
Cempaka Putih,Kota Administrasi Jakarta Pusat,Lain-Lain,Listrik,Konsleting Listrik
Kalideres,Kota Administrasi Jakarta Barat,Bangunan Perumahan,Listrik,Konsleting Listrik
Tanjung Priok,Kota Administrasi Jakarta Utara,Bangunan Perumahan,Listrik,Konsleting Listrik
Tanjung Priok,Kota Administrasi Jakarta Utara,Bangunan Perumahan,Listrik,Konsleting Listrik
Penjaringan,Kota Administrasi Jakarta Utara,Kendaraan,Listrik,Konsleting Listrik
Gambir,Kota Administrasi Jakarta Pusat,Kendaraan,Listrik,Konsleting Listrik
Ciracas,Kota Administrasi Jakarta Timur,Bangunan Perumahan,Listrik,Arus Pendek Listrik
Makasar,Kota Administrasi Jakarta Timur,Bangunan Perumahan,Listrik,Konsleting Listrik
Setiabudi,Kota Administrasi Jakarta Selatan,Bangunan Perumahan,Listrik,Konsleting Listrik
Gambir,Kota Administrasi Jakarta Pusat,Kendaraan,Listrik,Konsleting pada kabel body
Cilincing,Kota Administrasi Jakarta Utara,Kendaraan,Listrik,Korsleting Accu
Pasar Minggu,Kota Administrasi Jakarta Selatan,Lain-Lain,Listrik,Konsleting Lstrik
Kemayoran,Kota Administrasi Jakarta Pusat,Bangunan Perumahan,Listrik,Konsleting Lstrik
Kemayoran,Kota Administrasi Jakarta Pusat,Bangunan Perumahan,Listrik,Konsleting Lstrik
Senen,Kota Administrasi Jakarta Pusat,Kendaraan,Listrik,Konsleting Lstrik
Jagakarsa,Kota Administrasi Jakarta Selatan,Bangunan Perumahan,Listrik,Konsleting Lstrik
Cengkareng,Kota Administrasi Jakarta Barat,Bangunan Perumahan,Listrik,Korsleting Listrik
Sawah Besar,Kota Administrasi Jakarta Pusat,Bangunan Perumahan,Listrik,Korsleting Listrik
Penjaringan,Kota Administrasi Jakarta Utara,Bangunan Umum dan Perdagangan,Listrik,Korsleting Listrik
Tebet,Kota Administrasi Jakarta Selatan,Bangunan Perumahan,Listrik,Korsleting Listrik
Jagakarsa,Kota Administrasi Jakarta Selatan,Lain-Lain,Listrik,Korsleting Listrik
Kalideres,Kota Administrasi Jakarta Barat,Bangunan Perumahan,Listrik,Korsleting Listrik
Cipayung,Kota Administrasi Jakarta Timur,Lain-Lain,Listrik,Konsleting
Penjaringan,Kota Administrasi Jakarta Utara,Bangunan Umum dan Perdagangan,Listrik,Korsleting Listrik
Kalideres,Kota Administrasi Jakarta Barat,Bangunan Perumahan,Listrik,Korsleting Listrik
Tebet,Kota Administrasi Jakarta Selatan,Bangunan Perumahan,Listrik,Korsleting Listrik
Sawah Besar,Kota Administrasi Jakarta Pusat,Bangunan Umum dan Perdagangan,Listrik,Korsleting Listrik
Pademangan,Kota Administrasi Jakarta Utara,Bangunan Umum dan Perdagangan,Listrik,Konsleting Listrik
Kebayoran Baru,Kota Administrasi Jakarta Selatan,Bangunan Umum dan Perdagangan,Listrik,Konsleting Listrik
Palmerah,Kota Administrasi Jakarta Barat,Bangunan Perumahan,Listrik,Konsleting
Setiabudi,Kota Administrasi Jakarta Selatan,Bangunan Perumahan,Listrik,Konsleting
Tambora,Kota Administrasi Jakarta Barat,Bangunan Umum dan Perdagangan,Listrik,Korsleting Listrik
Kelapa Gading,Kota Administrasi Jakarta Utara,Bangunan Umum dan Perdagangan,Listrik,Korsleting Listrik
Penjaringan,Kota Administrasi Jakarta Utara,Bangunan Perumahan,Listrik,Konsleting Listrik
Cilincing,Kota Administrasi Jakarta Utara,Bangunan Industri,Listrik,0
Cilincing,Kota Administrasi Jakarta Utara,Bangunan Perumahan,Listrik,0
Pesanggrahan,Kota Administrasi Jakarta Selatan,Bangunan Perumahan,Listrik,0
Kebun Jeruk,Kota Administrasi Jakarta Barat,Lain-Lain,Listrik,0
Johar Baru,Kota Administrasi Jakarta Pusat,Bangunan Perumahan,Listrik,0
Tebet,Kota Administrasi Jakarta Selatan,Bangunan Umum dan Perdagangan,Listrik,Api Tabunan
Tambora,Kota Administrasi Jakarta Barat,Bangunan Perumahan,Listrik,Api Tabunan
Kebayoran Lama,Kota Administrasi Jakarta Selatan,Bangunan Perumahan,Listrik,Angin Kencang
Tambora,Kota Administrasi Jakarta Barat,Bangunan Umum dan Perdagangan,Listrik,Korsleting Listrik
Cakung,Kota Administrasi Jakarta Timur,Bangunan Perumahan,Listrik,Korsleting Listrik
Pulogadung,Kota Administrasi Jakarta Timur,Bangunan Perumahan,Listrik,Konsleting Listrik
Cilandak,Kota Administrasi Jakarta Selatan,Kendaraan,Listrik,Konsleting Listrik
Tamansari,Kota Administrasi Jakarta Barat,Bangunan Perumahan,Listrik,Hubungan Arus Pendek Listrik
Koja,Kota Administrasi Jakarta Utara,Bangunan Umum dan Perdagangan,Listrik,Hubungan Arus Pendek Listrik
Tanjung Priok,Kota Administrasi Jakarta Utara,Bangunan Perumahan,Listrik,Hubungan Arus Pendek Listrik
Menteng,Kota Administrasi Jakarta Pusat,Lain-Lain,Listrik,Konsleting Listrik
Cilincing,Kota Administrasi Jakarta Utara,Bangunan Perumahan,Listrik,Konsleting Listrik
Kalideres,Kota Administrasi Jakarta Barat,Lain-Lain,Listrik,Hubungan Arus Pendek Listrik
Penjaringan,Kota Administrasi Jakarta Utara,Bangunan Perumahan,Listrik,Hubungan Arus Pendek Listrik
Kramat Jati,Kota Administrasi Jakarta Timur,Lain-Lain,Listrik,Korsleting Listrik
Kelapa Gading,Kota Administrasi Jakarta Utara,Bangunan Perumahan,Listrik,Hubungan Arus Pendek Listrik
Tangerang,Kota Tangerang,Bangunan Perumahan,Listrik,Hubungan Arus Pendek Listrik
Penjaringan,Kota Administrasi Jakarta Utara,Bangunan Umum dan Perdagangan,Listrik,Hubungan Arus Pendek Listrik
Kebayoran Lama,Kota Administrasi Jakarta Selatan,Bangunan Perumahan,Listrik,Hubungan Arus Pendek Listrik
Tanjung Priok,Kota Administrasi Jakarta Utara,Bangunan Perumahan,Listrik,Korsleting Listrik
Kebayoran Baru,Kota Administrasi Jakarta Selatan,Bangunan Umum dan Perdagangan,Listrik,Korsleting Listrik
Tanjung Priok,Kota Administrasi Jakarta Utara,Bangunan Perumahan,Listrik,Korsleting Listrik
Ciracas,Kota Administrasi Jakarta Timur,Bangunan Perumahan,Listrik,Korsleting Listrik
Kebun Jeruk,Kota Administrasi Jakarta Barat,Lain-Lain,Listrik,Hubungan Arus Pendek Listrik
Tambora,Kota Administrasi Jakarta Barat,Lain-Lain,Listrik,Hubungan Arus Pendek Listrik
Grogol Petamburan,Kota Administrasi Jakarta Barat,Lain-Lain,Listrik,Hubungan Arus Pendek Listrik
Tambora,Kota Administrasi Jakarta Barat,Bangunan Umum dan Perdagangan,Listrik,Konsletting Listrik
Cempaka Putih,Kota Administrasi Jakarta Pusat,Bangunan Umum dan Perdagangan,Listrik,Korsleting Listrik
Johar Baru,Kota Administrasi Jakarta Pusat,Lain-Lain,Listrik,Korsleting Listrik
Bekasi,Kota Bekasi,Bangunan Perumahan,Listrik,Korsleting Listrik
Pasar Minggu,Kota Administrasi Jakarta Selatan,Lain-Lain,Listrik,Korsleting Listrik
Depok,Kota Depok,Lain-Lain,Listrik,Regulator Gas Bocor
Tambora,Kota Administrasi Jakarta Barat,Bangunan Perumahan,Listrik,Korsleting Listrik
Cakung,Kota Administrasi Jakarta Timur,Bangunan Industri,Listrik,Korsleting Listrik
Koja,Kota Administrasi Jakarta Utara,Bangunan Umum dan Perdagangan,Listrik,Konsleting Listrik
Cengkareng,Kota Administrasi Jakarta Barat,Lain-Lain,Listrik,Regulator Gas Bocor
Tamansari,Kota Administrasi Jakarta Barat,Bangunan Perumahan,Listrik,Regulator Gas Bocor
Jagakarsa,Kota Administrasi Jakarta Selatan,Bangunan Perumahan,Listrik,Korsleting Listrik
Kramat Jati,Kota Administrasi Jakarta Timur,Bangunan Umum dan Perdagangan,Listrik,Korsleting Listrik
Grogol Petamburan,Kota Administrasi Jakarta Barat,Kendaraan,Listrik,Korsleting Listrik
Jatinegara,Kota Administrasi Jakarta Timur,Lain-Lain,Listrik,Konsleting Listrik
Kebun Jeruk,Kota Administrasi Jakarta Barat,Bangunan Perumahan,Listrik,Konsleting Listrik
Jagakarsa,Kota Administrasi Jakarta Selatan,Bangunan Umum dan Perdagangan,Listrik,Konsleting Listrik
Tanah Abang,Kota Administrasi Jakarta Pusat,Bangunan Umum dan Perdagangan,Listrik,Kortleting Listrik
Kebayoran Lama,Kota Administrasi Jakarta Selatan,Lain-Lain,Listrik,Konsleting Listrik
Cilincing,Kota Administrasi Jakarta Utara,Lain-Lain,Listrik,Percikan Listrik Kabel Udara PLN
Duren Sawit,Kota Administrasi Jakarta Timur,Lain-Lain,Listrik,Konsleting Listrik
Pademangan,Kota Administrasi Jakarta Utara,Kendaraan,Listrik,Konsleting Listrik
Kembangan,Kota Administrasi Jakarta Barat,Lain-Lain,Listrik,Hubungan Arus Pendek Listrik
Tanah Abang,Kota Administrasi Jakarta Pusat,Bangunan Perumahan,Listrik,Hubungan Arus Pendek Listrik
Duren Sawit,Kota Administrasi Jakarta Timur,Kendaraan,Listrik,Hubungan Arus Pendek Listrik
Cengkareng,Kota Administrasi Jakarta Barat,Bangunan Perumahan,Listrik,Hubungan Arus Pendek Listrik
Tamansari,Kota Administrasi Jakarta Barat,Bangunan Perumahan,Listrik,Terpeleset
Cempaka Putih,Kota Administrasi Jakarta Pusat,Bangunan Perumahan,Listrik,Terpeleset
Cengkareng,Kota Administrasi Jakarta Barat,Bangunan Perumahan,Listrik,Hubungan Arus Pendek Listrik
Tebet,Kota Administrasi Jakarta Selatan,Lain-Lain,Listrik,Hubungan Arus Pendek Listrik
Cengkareng,Kota Administrasi Jakarta Barat,Bangunan Umum dan Perdagangan,Listrik,Kortleting Listrik
Gambir,Kota Administrasi Jakarta Pusat,Lain-Lain,Listrik,Kortleting Listrik
Pancoran,Kota Administrasi Jakarta Selatan,Bangunan Umum dan Perdagangan,Listrik,Kortleting Listrik
Tamansari,Kota Administrasi Jakarta Barat,Bangunan Perumahan,Listrik,Hubungan Pendek Arus Listrik
Cengkareng,Kota Administrasi Jakarta Barat,Bangunan Perumahan,Listrik,Hubungan Pendek Arus Listrik
Cengkareng,Kota Administrasi Jakarta Barat,Bangunan Perumahan,Listrik,Hubungan Pendek Arus Listrik
Kembangan,Kota Administrasi Jakarta Barat,Bangunan Perumahan,Listrik,Hubungan Pendek Arus Listrik
Duren Sawit,Kota Administrasi Jakarta Timur,Lain-Lain,Listrik,Hubungan Pendek Arus Listrik
Pasar Rebo,Kota Administrasi Jakarta Timur,Bangunan Umum dan Perdagangan,Listrik,Hubungan Pendek Arus Listrik
Penjaringan,Kota Administrasi Jakarta Utara,Bangunan Perumahan,Listrik,Konsleting Listrik
Jatinegara,Kota Administrasi Jakarta Timur,Lain-Lain,Listrik,Konsleting Listrik
Kebayoran Lama,Kota Administrasi Jakarta Selatan,Bangunan Perumahan,Listrik,Konsleting Listrik
Penjaringan,Kota Administrasi Jakarta Utara,Bangunan Umum dan Perdagangan,Listrik,Konsleting Listrik
Matraman,Kota Administrasi Jakarta Timur,Lain-Lain,Listrik,Panel Listrik
Setiabudi,Kota Administrasi Jakarta Selatan,Bangunan Perumahan,Listrik,Konsleting Listrik
Tamansari,Kota Administrasi Jakarta Barat,Bangunan Perumahan,Listrik,Korsleting AC  
Cengkareng,Kota Administrasi Jakarta Barat,Bangunan Perumahan,Listrik,Konsleting Listrik
Tamansari,Kota Administrasi Jakarta Barat,Bangunan Umum dan Perdagangan,Listrik,Konsleting Listrik
Cakung,Kota Administrasi Jakarta Timur,Kendaraan,Listrik,Konsleting Listrik
Kramat Jati,Kota Administrasi Jakarta Timur,Bangunan Perumahan,Listrik,Konsleting Listrik
Menteng,Kota Administrasi Jakarta Pusat,Bangunan Umum dan Perdagangan,Listrik,Konsleting Listrik
Cakung,Kota Administrasi Jakarta Timur,Bangunan Umum dan Perdagangan,Listrik,Konsleting Listrik
Grogol Petamburan,Kota Administrasi Jakarta Barat,Bangunan Perumahan,Listrik,Konsleting Listrik
Penjaringan,Kota Administrasi Jakarta Utara,Bangunan Perumahan,Listrik,Hubungan Pendek Arus Listrik
Mampang Prapatan,Kota Administrasi Jakarta Selatan,Bangunan Perumahan,Listrik,Hubungan Pendek Arus Listrik
Kebun Jeruk,Kota Administrasi Jakarta Barat,Kendaraan,Listrik,Konsleting Listrik
Palmerah,Kota Administrasi Jakarta Barat,Bangunan Perumahan,Listrik,Konsleting Listrik
Kemayoran,Kota Administrasi Jakarta Pusat,Bangunan Perumahan,Listrik,Konsleting Listrik
Tambora,Kota Administrasi Jakarta Barat,Bangunan Perumahan,Listrik,Konsleting Listrik
Kembangan,Kota Administrasi Jakarta Barat,Bangunan Umum dan Perdagangan,Listrik,Konsleting Listrik
Makasar,Kota Administrasi Jakarta Timur,Bangunan Perumahan,Listrik,Korsleting Listrik
Penjaringan,Kota Administrasi Jakarta Utara,Bangunan Perumahan,Listrik,Korsleting Listrik
Kebun Jeruk,Kota Administrasi Jakarta Barat,Bangunan Perumahan,Listrik,Korsleting Listrik
Jatinegara,Kota Administrasi Jakarta Timur,Bangunan Umum dan Perdagangan,Listrik,Kortleting Listrik
Pasar Minggu,Kota Administrasi Jakarta Selatan,Kendaraan,Listrik,Konsleting Listrik
Pasar Minggu,Kota Administrasi Jakarta Selatan,Bangunan Umum dan Perdagangan,Listrik,Konsleting Listrik
Matraman,Kota Administrasi Jakarta Timur,Bangunan Perumahan,Listrik,Konsleting Listrik
Cakung,Kota Administrasi Jakarta Timur,Bangunan Perumahan,Listrik,Konsleting Listrik
Tangerang,Kota Tangerang,Bangunan Perumahan,Listrik,Korsleting Listrik
Cipayung,Kota Administrasi Jakarta Timur,Lain-Lain,Listrik,Korsleting Listrik
Kramat Jati,Kota Administrasi Jakarta Timur,Bangunan Perumahan,Listrik,Korsleting Listrik
Grogol Petamburan,Kota Administrasi Jakarta Barat,Bangunan Perumahan,Listrik,Korsleting Listrik
Tebet,Kota Administrasi Jakarta Selatan,Bangunan Perumahan,Listrik,Konsleting Listrik
Kebun Jeruk,Kota Administrasi Jakarta Barat,Lain-Lain,Listrik,Konsleting Listrik
Tangerang,Kota Tangerang,Bangunan Perumahan,Listrik,Korsleting Listrik
Sawah Besar,Kota Administrasi Jakarta Pusat,Bangunan Umum dan Perdagangan,Listrik,Hubungan Pendek Arus Listrik
Tambora,Kota Administrasi Jakarta Barat,Bangunan Perumahan,Listrik,Konsleting Listrik
Tanah Abang,Kota Administrasi Jakarta Pusat,Lain-Lain,Listrik,Konsleting Accu
Cengkareng,Kota Administrasi Jakarta Barat,Bangunan Umum dan Perdagangan,Listrik,Konsleting Listrik
Kelapa Gading,Kota Administrasi Jakarta Utara,Lain-Lain,Listrik,Hubungan Pendek Arus Listrik
Cengkareng,Kota Administrasi Jakarta Barat,Bangunan Perumahan,Listrik,Korsleting LIstrik
Tebet,Kota Administrasi Jakarta Selatan,Bangunan Perumahan,Listrik,Korsleting Listrik
Penjaringan,Kota Administrasi Jakarta Utara,Bangunan Industri,Listrik,Korsleting LIstrik
Kemayoran,Kota Administrasi Jakarta Pusat,Bangunan Perumahan,Listrik,Korsleting Listrik
Kebun Jeruk,Kota Administrasi Jakarta Barat,Bangunan Umum dan Perdagangan,Listrik,Korsleting Listrik
Sawah Besar,Kota Administrasi Jakarta Pusat,Bangunan Perumahan,Listrik,Korsleting Listrik
Menteng,Kota Administrasi Jakarta Pusat,Bangunan Umum dan Perdagangan,Listrik,Korsleting Listrik
Tamansari,Kota Administrasi Jakarta Barat,Lain-Lain,Listrik,Korsleting Listrik
Sawah Besar,Kota Administrasi Jakarta Pusat,Bangunan Umum dan Perdagangan,Listrik,Korsleting Listrik
Tangerang,Kota Tangerang,Bangunan Perumahan,Listrik,Korsleting Listrik
Sawah Besar,Kota Administrasi Jakarta Pusat,Bangunan Perumahan,Listrik,Korsleting Listrik
Depok,Kota Depok,Bangunan Perumahan,Listrik,Korsleting Listrik
Tanjung Priok,Kota Administrasi Jakarta Utara,Bangunan Perumahan,Listrik,Konsleting Listrik
Bekasi,Kota Bekasi,Kendaraan,Listrik,Konsleting kabel accu
Tanah Abang,Kota Administrasi Jakarta Pusat,Bangunan Umum dan Perdagangan,Listrik,Konsleting Listrik
Pulogadung,Kota Administrasi Jakarta Timur,Bangunan Industri,Listrik,Konsleting Listrik
Ciracas,Kota Administrasi Jakarta Timur,Bangunan Umum dan Perdagangan,Listrik,Korsleting Listring
Kebun Jeruk,Kota Administrasi Jakarta Barat,Bangunan Perumahan,Listrik,Konsleting Listrik
Tambora,Kota Administrasi Jakarta Barat,Bangunan Industri,Listrik,Konsleting Listrik
Kebayoran Lama,Kota Administrasi Jakarta Selatan,Bangunan Umum dan Perdagangan,Listrik,Konsleting Listrik
Kebun Jeruk,Kota Administrasi Jakarta Barat,Lain-Lain,Listrik,Konsleting Listrik
Kebayoran Baru,Kota Administrasi Jakarta Selatan,Bangunan Umum dan Perdagangan,Listrik,Konsleting Listrik
Setiabudi,Kota Administrasi Jakarta Selatan,Lain-Lain,Listrik,Konsleting Listrik
Cengkareng,Kota Administrasi Jakarta Barat,Lain-Lain,Listrik,Konsleting Listrik
Koja,Kota Administrasi Jakarta Utara,Bangunan Perumahan,Listrik,Kortleting Listrik
Pasar Minggu,Kota Administrasi Jakarta Selatan,Kendaraan,Listrik,Kortleting
Kebun Jeruk,Kota Administrasi Jakarta Barat,Bangunan Perumahan,Listrik,Kortleting
Tanah Abang,Kota Administrasi Jakarta Pusat,Bangunan Perumahan,Listrik,Kortleting
Kebayoran Baru,Kota Administrasi Jakarta Selatan,Bangunan Perumahan,Listrik,Konsleting Listrik
Kebun Jeruk,Kota Administrasi Jakarta Barat,Lain-Lain,Listrik,Konsleting
Tanjung Priok,Kota Administrasi Jakarta Utara,Bangunan Perumahan,Listrik,Konsleting
Gambir,Kota Administrasi Jakarta Pusat,Lain-Lain,Listrik,Konsleting
Tambora,Kota Administrasi Jakarta Barat,Lain-Lain,Listrik,Konsleting
Johar Baru,Kota Administrasi Jakarta Pusat,Bangunan Perumahan,Listrik,Kortleting Listrik
Koja,Kota Administrasi Jakarta Utara,Lain-Lain,Listrik,Kortleting ACCU
Duren Sawit,Kota Administrasi Jakarta Timur,Lain-Lain,Listrik,Kortleting ACCU
Pademangan,Kota Administrasi Jakarta Utara,Bangunan Umum dan Perdagangan,Listrik,Kortleting Listrik
Grogol Petamburan,Kota Administrasi Jakarta Barat,Lain-Lain,Listrik,Kortleting Listrik
Cengkareng,Kota Administrasi Jakarta Barat,Lain-Lain,Listrik,Kortleting Listrik
Tebet,Kota Administrasi Jakarta Selatan,Kendaraan,Listrik,Kortleting Listrik
Koja,Kota Administrasi Jakarta Utara,Bangunan Umum dan Perdagangan,Listrik,Kortleting Listrik
Palmerah,Kota Administrasi Jakarta Barat,Bangunan Perumahan,Listrik,Kortleting Listrik
Cilincing,Kota Administrasi Jakarta Utara,Lain-Lain,Listrik,Kortleting Listrik
Duren Sawit,Kota Administrasi Jakarta Timur,Bangunan Perumahan,Listrik,Kortleting Listrik
Johar Baru,Kota Administrasi Jakarta Pusat,Bangunan Perumahan,Listrik,Kortleting Listrik
Menteng,Kota Administrasi Jakarta Pusat,Bangunan Perumahan,Listrik,Kortleting Listrik
Kemayoran,Kota Administrasi Jakarta Pusat,Bangunan Umum dan Perdagangan,Listrik,Konsleting Listrik
Kebun Jeruk,Kota Administrasi Jakarta Barat,Bangunan Umum dan Perdagangan,Listrik,Konsleting Listrik
Penjaringan,Kota Administrasi Jakarta Utara,Bangunan Umum dan Perdagangan,Listrik,Konsleting Listrik
Kembangan,Kota Administrasi Jakarta Barat,Bangunan Umum dan Perdagangan,Listrik,Konsleting Listrik
Cengkareng,Kota Administrasi Jakarta Barat,Kendaraan,Listrik,Konsleting kabel body
Cengkareng,Kota Administrasi Jakarta Barat,Bangunan Perumahan,Listrik,Kortleting Listrik
Tambora,Kota Administrasi Jakarta Barat,Bangunan Perumahan,Listrik,Kortleting Listrik
Makasar,Kota Administrasi Jakarta Timur,Lain-Lain,Listrik,Konsleting Listrik
Matraman,Kota Administrasi Jakarta Timur,Lain-Lain,Listrik,Konsleting Listrik
Kalideres,Kota Administrasi Jakarta Barat,Bangunan Industri,Listrik,Konsleting Listrik
Duren Sawit,Kota Administrasi Jakarta Timur,Bangunan Umum dan Perdagangan,Listrik,Konsleting Listrik
Cakung,Kota Administrasi Jakarta Timur,Bangunan Perumahan,Listrik,Konsleting Listrik
Ciracas,Kota Administrasi Jakarta Timur,Bangunan Perumahan,Listrik,Konsleting Listrik
Kembangan,Kota Administrasi Jakarta Barat,Lain-Lain,Listrik,Konsleting Listrik
Kelapa Gading,Kota Administrasi Jakarta Utara,Bangunan Perumahan,Listrik,Kortleting Listrik
Mampang Prapatan,Kota Administrasi Jakarta Selatan,Bangunan Umum dan Perdagangan,Listrik,Kortleting Listrik
Kramat Jati,Kota Administrasi Jakarta Timur,Bangunan Umum dan Perdagangan,Listrik,Kortleting Listrik
Grogol Petamburan,Kota Administrasi Jakarta Barat,Bangunan Umum dan Perdagangan,Listrik,Kortleting Listrik
Makasar,Kota Administrasi Jakarta Timur,Lain-Lain,Listrik,Konsleting listrik
Cakung,Kota Administrasi Jakarta Timur,Bangunan Perumahan,Listrik,Konsleting listrik
Cakung,Kota Administrasi Jakarta Timur,Lain-Lain,Listrik,Konsleting listrik
Bekasi,Kota Bekasi,Bangunan Industri,Listrik,Konsleting listrik
Kebun Jeruk,Kota Administrasi Jakarta Barat,Bangunan Umum dan Perdagangan,Listrik,Kortleting Listrik
Tanjung Priok,Kota Administrasi Jakarta Utara,Bangunan Perumahan,Listrik,Kortleting Listrik
Duren Sawit,Kota Administrasi Jakarta Timur,Bangunan Perumahan,Listrik,Konsleting Listrik
Kebayoran Lama,Kota Administrasi Jakarta Selatan,Bangunan Perumahan,Listrik,Konsleting Listrik
Cilincing,Kota Administrasi Jakarta Utara,Lain-Lain,Listrik,Konsleting Listrik
Pulogadung,Kota Administrasi Jakarta Timur,Bangunan Umum dan Perdagangan,Listrik,Konsleting Listrik
Cilincing,Kota Administrasi Jakarta Utara,Bangunan Umum dan Perdagangan,Listrik,Konsleting Listrik
Pesanggrahan,Kota Administrasi Jakarta Selatan,Bangunan Umum dan Perdagangan,Listrik,Konsleting Listrik
Cengkareng,Kota Administrasi Jakarta Barat,Bangunan Perumahan,Listrik,Korsleting Listrik
Kebun Jeruk,Kota Administrasi Jakarta Barat,Bangunan Perumahan,Listrik,Korsleting Listrik
Kramat Jati,Kota Administrasi Jakarta Timur,Bangunan Umum dan Perdagangan,Listrik,Korsleting Listrik
Grogol Petamburan,Kota Administrasi Jakarta Barat,Bangunan Perumahan,Listrik,Konsleting Listrik
Kebun Jeruk,Kota Administrasi Jakarta Barat,Bangunan Umum dan Perdagangan,Listrik,Konsleting Listrik
Penjaringan,Kota Administrasi Jakarta Utara,Bangunan Umum dan Perdagangan,Listrik,Konsleting Listrik
Gambir,Kota Administrasi Jakarta Pusat,Lain-Lain,Listrik,Konsleting Listrik
Tangerang,Kota Tangerang,Bangunan Perumahan,Listrik,Konsleting Listrik
Kalideres,Kota Administrasi Jakarta Barat,Lain-Lain,Listrik,Konsleting Listrik
Penjaringan,Kota Administrasi Jakarta Utara,Bangunan Umum dan Perdagangan,Listrik,Konsleting Listrik
Cipayung,Kota Administrasi Jakarta Timur,Bangunan Perumahan,Listrik,Korsleting Listrik
Ciracas,Kota Administrasi Jakarta Timur,Kendaraan,Listrik,Konsleting Listrik
Tebet,Kota Administrasi Jakarta Selatan,Bangunan Perumahan,Listrik,Konsleting Listrik
Kalideres,Kota Administrasi Jakarta Barat,Bangunan Perumahan,Listrik,Konsleting Listrik
Pancoran,Kota Administrasi Jakarta Selatan,Bangunan Perumahan,Listrik,Konsleting Listrik
Kalideres,Kota Administrasi Jakarta Barat,Bangunan Umum dan Perdagangan,Listrik,Konsleting Listrik
Ciracas,Kota Administrasi Jakarta Timur,Bangunan Perumahan,Listrik,Konsleting Listrik
Penjaringan,Kota Administrasi Jakarta Utara,Bangunan Perumahan,Listrik,Konsleting Listrik
Pesanggrahan,Kota Administrasi Jakarta Selatan,Lain-Lain,Listrik,Kortleting Listrik
Kemayoran,Kota Administrasi Jakarta Pusat,Bangunan Perumahan,Listrik,Kortleting Listrik
Jagakarsa,Kota Administrasi Jakarta Selatan,Bangunan Perumahan,Listrik,Kortleting Listrik
Koja,Kota Administrasi Jakarta Utara,Bangunan Perumahan,Listrik,Konsleting Listrik
Pulogadung,Kota Administrasi Jakarta Timur,Lain-Lain,Listrik,Konsleting Listrik
Tanjung Priok,Kota Administrasi Jakarta Utara,Bangunan Industri,Listrik,Konsleting Listrik
Tanah Abang,Kota Administrasi Jakarta Pusat,Kendaraan,Listrik,Konsleting Listrik
Pasar Minggu,Kota Administrasi Jakarta Selatan,Bangunan Umum dan Perdagangan,Listrik,Konsleting Listrik
Kebayoran Baru,Kota Administrasi Jakarta Selatan,Bangunan Umum dan Perdagangan,Listrik,Konsleting Listrik
Ciracas,Kota Administrasi Jakarta Timur,Bangunan Perumahan,Listrik,Konsleting Listrik
Grogol Petamburan,Kota Administrasi Jakarta Barat,Bangunan Perumahan,Listrik,Konsleting Listrik
Matraman,Kota Administrasi Jakarta Timur,Bangunan Perumahan,Listrik,Konsleting Listrik
Kelapa Gading,Kota Administrasi Jakarta Utara,Bangunan Perumahan,Listrik,Korsleting Listrik
Pasar Minggu,Kota Administrasi Jakarta Selatan,Bangunan Perumahan,Listrik,Konsleting Listrik
Cempaka Putih,Kota Administrasi Jakarta Pusat,Bangunan Perumahan,Listrik,Konsleting Listrik
Pancoran,Kota Administrasi Jakarta Selatan,Bangunan Perumahan,Listrik,Konsleting Listrik
Kebun Jeruk,Kota Administrasi Jakarta Barat,Bangunan Umum dan Perdagangan,Listrik,Konsleting pada kelistrikan mobil yang sedang di service
Kramat Jati,Kota Administrasi Jakarta Timur,Bangunan Industri,Listrik,Over heat
Penjaringan,Kota Administrasi Jakarta Utara,Bangunan Perumahan,Listrik,Korsleting Listrik
Ciracas,Kota Administrasi Jakarta Timur,Lain-Lain,Listrik,Arus Pendek Listrik
Pesanggrahan,Kota Administrasi Jakarta Selatan,Bangunan Perumahan,Listrik,Konsleting Listrik
Palmerah,Kota Administrasi Jakarta Barat,Bangunan Perumahan,Listrik,Konsleting Listrik
Pancoran,Kota Administrasi Jakarta Selatan,Kendaraan,Listrik,Konsleting Listrik Pada ACCU
Cilincing,Kota Administrasi Jakarta Utara,Bangunan Perumahan,Listrik,Konsleting Listrik
Tebet,Kota Administrasi Jakarta Selatan,Lain-Lain,Listrik,Konsleting Listrik
Kebayoran Lama,Kota Administrasi Jakarta Selatan,Kendaraan,Listrik,Konsleting Listrik
Kalideres,Kota Administrasi Jakarta Barat,Lain-Lain,Listrik,Konsleting Listrik
Tangerang,Kota Tangerang,Bangunan Umum dan Perdagangan,Listrik,Konsleting Listrik
Jagakarsa,Kota Administrasi Jakarta Selatan,Bangunan Umum dan Perdagangan,Listrik,Konsleting Listrik
Pulogadung,Kota Administrasi Jakarta Timur,Lain-Lain,Listrik,Arus Pendek Listrik
Mampang Prapatan,Kota Administrasi Jakarta Selatan,Bangunan Perumahan,Listrik,Konlseting Listrik
Bekasi,Kota Bekasi,Bangunan Perumahan,Listrik,Konlseting Listrik
Setiabudi,Kota Administrasi Jakarta Selatan,Bangunan Umum dan Perdagangan,Listrik,Konlseting Listrik
Palmerah,Kota Administrasi Jakarta Barat,Lain-Lain,Listrik,Konlseting Listrik
Tebet,Kota Administrasi Jakarta Selatan,Lain-Lain,Listrik,Konlseting Listrik
Gambir,Kota Administrasi Jakarta Pusat,Bangunan Umum dan Perdagangan,Listrik,Konlseting Listrik
Tanah Abang,Kota Administrasi Jakarta Pusat,Bangunan Perumahan,Listrik,Konlseting Listrik
Kebayoran Lama,Kota Administrasi Jakarta Selatan,Lain-Lain,Listrik,Konlseting Listrik
Cakung,Kota Administrasi Jakarta Timur,Bangunan Umum dan Perdagangan,Listrik,Konlseting Listrik
Cilincing,Kota Administrasi Jakarta Utara,Lain-Lain,Listrik,Korsleting listrik
Grogol Petamburan,Kota Administrasi Jakarta Barat,Bangunan Umum dan Perdagangan,Listrik,Kortleting Listrik
Makasar,Kota Administrasi Jakarta Timur,Kendaraan,Listrik,Kortleting Listrik
Palmerah,Kota Administrasi Jakarta Barat,Bangunan Perumahan,Listrik,Kortleting Listrik
Cilincing,Kota Administrasi Jakarta Utara,Bangunan Perumahan,Listrik,Kortleting Listrik
Cilandak,Kota Administrasi Jakarta Selatan,Bangunan Perumahan,Listrik,Konsleting Listrik
Cakung,Kota Administrasi Jakarta Timur,Bangunan Perumahan,Listrik,Kortleting Listrik
Cipayung,Kota Administrasi Jakarta Timur,Bangunan Perumahan,Listrik,Kortleting Listrik
Kalideres,Kota Administrasi Jakarta Barat,Bangunan Perumahan,Listrik,Konsleting Listrik
Cengkareng,Kota Administrasi Jakarta Barat,Bangunan Perumahan,Listrik,Konsleting Listrik
Tamansari,Kota Administrasi Jakarta Barat,Bangunan Perumahan,Listrik,Konsleting Listrik
Kalideres,Kota Administrasi Jakarta Barat,Lain-Lain,Listrik,Konsleting Listrik
Pulogadung,Kota Administrasi Jakarta Timur,Bangunan Perumahan,Listrik,Konsleting Listrik
Tanah Abang,Kota Administrasi Jakarta Pusat,Bangunan Industri,Listrik,Konsleting Listrik
Cilincing,Kota Administrasi Jakarta Utara,Bangunan Perumahan,Listrik,Korsleting Listrik
Cempaka Putih,Kota Administrasi Jakarta Pusat,Bangunan Perumahan,Listrik,Korsleting Listrik
Kebayoran Lama,Kota Administrasi Jakarta Selatan,Bangunan Perumahan,Listrik,Korsleting Listrik
Tamansari,Kota Administrasi Jakarta Barat,Bangunan Perumahan,Listrik,Korsleting Listrik
Palmerah,Kota Administrasi Jakarta Barat,Bangunan Perumahan,Listrik,Konsleting Listrik
Cakung,Kota Administrasi Jakarta Timur,Bangunan Perumahan,Listrik,Korsleting Listrik
Sawah Besar,Kota Administrasi Jakarta Pusat,Bangunan Umum dan Perdagangan,Listrik,Korsleting Listrik
Cempaka Putih,Kota Administrasi Jakarta Pusat,Kendaraan,Listrik,Korsleting Listrik
Cilincing,Kota Administrasi Jakarta Utara,Bangunan Perumahan,Listrik,Korsleting listrik
Kemayoran,Kota Administrasi Jakarta Pusat,Bangunan Umum dan Perdagangan,Listrik,Korsleting listrik
Pademangan,Kota Administrasi Jakarta Utara,Bangunan Perumahan,Listrik,Korsleting Listrik
Senen,Kota Administrasi Jakarta Pusat,Bangunan Perumahan,Listrik,Kortleting Listrik
Grogol Petamburan,Kota Administrasi Jakarta Barat,Bangunan Umum dan Perdagangan,Listrik,Kortleting Listrik
Pancoran,Kota Administrasi Jakarta Selatan,Bangunan Umum dan Perdagangan,Listrik,Kortleting Listrik
Cengkareng,Kota Administrasi Jakarta Barat,Bangunan Perumahan,Listrik,Bensin Eceran
Kembangan,Kota Administrasi Jakarta Barat,Bangunan Umum dan Perdagangan,Listrik,Konsleting Listrik
Kramat Jati,Kota Administrasi Jakarta Timur,Kendaraan,Listrik,Konsleting Listrik
Grogol Petamburan,Kota Administrasi Jakarta Barat,Bangunan Industri,Listrik,Kortleting Listrik
Gambir,Kota Administrasi Jakarta Pusat,Lain-Lain,Listrik,Kortleting Listrik
Kelapa Gading,Kota Administrasi Jakarta Utara,Bangunan Perumahan,Listrik,Kortleting Listrik
Kalideres,Kota Administrasi Jakarta Barat,Lain-Lain,Listrik,Kortleting Listrik
Tambora,Kota Administrasi Jakarta Barat,Lain-Lain,Listrik,Kortleting Listrik
Pesanggrahan,Kota Administrasi Jakarta Selatan,Bangunan Perumahan,Listrik,Korsleting Listrik
Kramat Jati,Kota Administrasi Jakarta Timur,Bangunan Perumahan,Listrik,Korsleting Listrik
Penjaringan,Kota Administrasi Jakarta Utara,Bangunan Umum dan Perdagangan,Listrik,Konsleting Listrik
Tangerang,Kota Tangerang,Bangunan Perumahan,Listrik,Konsleting Listrik
Jagakarsa,Kota Administrasi Jakarta Selatan,Lain-Lain,Listrik,Konsleting Listrik
Tamansari,Kota Administrasi Jakarta Barat,Bangunan Umum dan Perdagangan,Listrik,Konsleting Listrik
Pademangan,Kota Administrasi Jakarta Utara,Kendaraan,Listrik,Konsleting Listrik
Cilandak,Kota Administrasi Jakarta Selatan,Lain-Lain,Listrik,Konsleting Listrik
Kelapa Gading,Kota Administrasi Jakarta Utara,Bangunan Perumahan,Listrik,Korsleting Listrik
Penjaringan,Kota Administrasi Jakarta Utara,Bangunan Perumahan,Listrik,Hubungan Pendek Arus Listrik
Cipayung,Kota Administrasi Jakarta Timur,Bangunan Perumahan,Listrik,Hubungan Pendek Arus Listrik
Pasar Minggu,Kota Administrasi Jakarta Selatan,Bangunan Perumahan,Listrik,Konsleting pada saat men charge HP
Kebayoran Baru,Kota Administrasi Jakarta Selatan,Lain-Lain,Listrik,Konsleting listrik
Sawah Besar,Kota Administrasi Jakarta Pusat,Bangunan Perumahan,Listrik,Korsleting Listrik
Tanah Abang,Kota Administrasi Jakarta Pusat,Bangunan Perumahan,Listrik,Korsleting Listrik
Kemayoran,Kota Administrasi Jakarta Pusat,Bangunan Perumahan,Listrik,Korsleting Listrik
Kelapa Gading,Kota Administrasi Jakarta Utara,Bangunan Perumahan,Listrik,Korsleting Listrik
Duren Sawit,Kota Administrasi Jakarta Timur,Bangunan Perumahan,Listrik,Korsleting Listrik
Gambir,Kota Administrasi Jakarta Pusat,Lain-Lain,Listrik,Korsleting Listrik
Kembangan,Kota Administrasi Jakarta Barat,Bangunan Perumahan,Listrik,Korsleting Listrik
Tebet,Kota Administrasi Jakarta Selatan,Bangunan Perumahan,Listrik,Kortleting Listrik
Kelapa Gading,Kota Administrasi Jakarta Utara,Bangunan Umum dan Perdagangan,Listrik,Kortleting Listrik
Tanjung Priok,Kota Administrasi Jakarta Utara,Lain-Lain,Listrik,Kortleting Listrik
Cilincing,Kota Administrasi Jakarta Utara,Lain-Lain,Listrik,Kortleting Listrik
Cengkareng,Kota Administrasi Jakarta Barat,Bangunan Perumahan,Listrik,Kortleting Listrik
Cipayung,Kota Administrasi Jakarta Timur,Bangunan Perumahan,Listrik,Kortleting Listrik
Pesanggrahan,Kota Administrasi Jakarta Selatan,Bangunan Perumahan,Listrik,Kortleting Listrik
Kalideres,Kota Administrasi Jakarta Barat,Bangunan Perumahan,Listrik,Kortleting Listrik
Pasar Minggu,Kota Administrasi Jakarta Selatan,Lain-Lain,Listrik,Hubungan Pendek Arus Listrik
Pasar Minggu,Kota Administrasi Jakarta Selatan,Lain-Lain,Listrik,Hubungan Pendek Arus Listrik
Cilincing,Kota Administrasi Jakarta Utara,Bangunan Perumahan,Listrik,Korsleting Listrik
Pulogadung,Kota Administrasi Jakarta Timur,Kendaraan,Listrik,Korsleting Listrik
Cakung,Kota Administrasi Jakarta Timur,Lain-Lain,Listrik,Korsleting Listrik
Matraman,Kota Administrasi Jakarta Timur,Bangunan Perumahan,Listrik,Korsleting Listrik
Kalideres,Kota Administrasi Jakarta Barat,Bangunan Umum dan Perdagangan,Listrik,Korsleting Listrik
Kalideres,Kota Administrasi Jakarta Barat,Bangunan Industri,Listrik,Korsleting Listrik
Matraman,Kota Administrasi Jakarta Timur,Bangunan Perumahan,Listrik,Korsleting Listrik
Kelapa Gading,Kota Administrasi Jakarta Utara,Lain-Lain,Listrik,Konsleting Listrik
Koja,Kota Administrasi Jakarta Utara,Kendaraan,Listrik,Konsleting Accu
Kembangan,Kota Administrasi Jakarta Barat,Bangunan Umum dan Perdagangan,Listrik,Konsleting Listrik
Cakung,Kota Administrasi Jakarta Timur,Kendaraan,Listrik,Konsleting pada kelistrikan container
Cilandak,Kota Administrasi Jakarta Selatan,Lain-Lain,Listrik,Konsleting Listrik
Cilandak,Kota Administrasi Jakarta Selatan,Bangunan Umum dan Perdagangan,Listrik,Konsleting Listrik
Kebayoran Lama,Kota Administrasi Jakarta Selatan,Lain-Lain,Listrik,Kortleting Listrik
Penjaringan,Kota Administrasi Jakarta Utara,Lain-Lain,Listrik,Kortleting Listrik
Pasar Rebo,Kota Administrasi Jakarta Timur,Bangunan Perumahan,Listrik,Kortleting Listrik
Pancoran,Kota Administrasi Jakarta Selatan,Bangunan Perumahan,Listrik,Kortleting Listrik
Duren Sawit,Kota Administrasi Jakarta Timur,Bangunan Perumahan,Listrik,Korsleting Listrik
Pasar Minggu,Kota Administrasi Jakarta Selatan,Lain-Lain,Listrik,Hubungan Pendek Arus Listrik
Senen,Kota Administrasi Jakarta Pusat,Lain-Lain,Listrik,Hubungan Pendek Arus Listrik
Kebun Jeruk,Kota Administrasi Jakarta Barat,Bangunan Perumahan,Listrik,Hubungan Pendek Arus Listrik
Cilincing,Kota Administrasi Jakarta Utara,Lain-Lain,Listrik,Konsleting Listrik
Cilandak,Kota Administrasi Jakarta Selatan,Bangunan Perumahan,Listrik,Konsleting Listrik
Cilandak,Kota Administrasi Jakarta Selatan,Lain-Lain,Listrik,Konsleting Listrik
Tambora,Kota Administrasi Jakarta Barat,Bangunan Perumahan,Listrik,Kortleting Listrik
Cengkareng,Kota Administrasi Jakarta Barat,Bangunan Perumahan,Listrik,Kortleting Listrik
Johar Baru,Kota Administrasi Jakarta Pusat,Bangunan Perumahan,Listrik,Kortleting Listrik
Koja,Kota Administrasi Jakarta Utara,Bangunan Perumahan,Listrik,Kortleting Listrik
Pademangan,Kota Administrasi Jakarta Utara,Bangunan Umum dan Perdagangan,Listrik,Kortleting Listrik
Cengkareng,Kota Administrasi Jakarta Barat,Bangunan Umum dan Perdagangan,Listrik,Kortleting Listrik
Pasar Rebo,Kota Administrasi Jakarta Timur,Kendaraan,Listrik,Accu Kendaraan
Tangerang,Kota Tangerang,Bangunan Umum dan Perdagangan,Listrik,Kortleting Listrik
Senen,Kota Administrasi Jakarta Pusat,Bangunan Umum dan Perdagangan,Listrik,Kortleting Listrik
Menteng,Kota Administrasi Jakarta Pusat,Bangunan Umum dan Perdagangan,Listrik,Kortleting Listrik
Kebayoran Baru,Kota Administrasi Jakarta Selatan,Lain-Lain,Listrik,Kortleting Listrik
Pesanggrahan,Kota Administrasi Jakarta Selatan,Bangunan Umum dan Perdagangan,Listrik,Kortleting Listrik
Cipayung,Kota Administrasi Jakarta Timur,Bangunan Umum dan Perdagangan,Listrik,Kortleting Listrik
Matraman,Kota Administrasi Jakarta Timur,Bangunan Perumahan,Listrik,Kortleting Listrik
Senen,Kota Administrasi Jakarta Pusat,Bangunan Umum dan Perdagangan,Listrik,Kortleting Listrik
Jatinegara,Kota Administrasi Jakarta Timur,Bangunan Perumahan,Listrik,Korsleting Listrik
Kebayoran Lama,Kota Administrasi Jakarta Selatan,Bangunan Umum dan Perdagangan,Listrik,Korsleting Listrik
Kelapa Gading,Kota Administrasi Jakarta Utara,Bangunan Industri,Listrik,Korsleting Listrik
Jagakarsa,Kota Administrasi Jakarta Selatan,Bangunan Umum dan Perdagangan,Listrik,Korsleting Listrik
Setiabudi,Kota Administrasi Jakarta Selatan,Bangunan Perumahan,Listrik,Korsleting Listrik
Menteng,Kota Administrasi Jakarta Pusat,Lain-Lain,Listrik,Kortleting Listrik
Cakung,Kota Administrasi Jakarta Timur,Bangunan Perumahan,Listrik,Korsleting Listrik
Pesanggrahan,Kota Administrasi Jakarta Selatan,Lain-Lain,Listrik,Korsleting Listrik
Pasar Minggu,Kota Administrasi Jakarta Selatan,Bangunan Perumahan,Listrik,Korsleting Listrik
Kebayoran Baru,Kota Administrasi Jakarta Selatan,Bangunan Perumahan,Listrik,Korsleting Listrik
Penjaringan,Kota Administrasi Jakarta Utara,Bangunan Umum dan Perdagangan,Listrik,Korsleting Listrik
Pademangan,Kota Administrasi Jakarta Utara,Bangunan Umum dan Perdagangan,Listrik,Korsleting Listrik
Kalideres,Kota Administrasi Jakarta Barat,Bangunan Perumahan,Listrik,Korsleting Listrik
Kramat Jati,Kota Administrasi Jakarta Timur,Bangunan Umum dan Perdagangan,Listrik,Korsleting Listrik
Kebayoran Baru,Kota Administrasi Jakarta Selatan,Bangunan Umum dan Perdagangan,Listrik,Korsleting Listrik
Pulogadung,Kota Administrasi Jakarta Timur,Bangunan Perumahan,Listrik,Korsleting Listrik
Tanjung Priok,Kota Administrasi Jakarta Utara,Bangunan Perumahan,Listrik,Korsleting Listrik
Jagakarsa,Kota Administrasi Jakarta Selatan,Bangunan Umum dan Perdagangan,Listrik,Korsleting Listrik
Kemayoran,Kota Administrasi Jakarta Pusat,Bangunan Perumahan,Listrik,Korsleting Listrik
Makasar,Kota Administrasi Jakarta Timur,Bangunan Perumahan,Listrik,Korsleting Listrik
Cakung,Kota Administrasi Jakarta Timur,Kendaraan,Listrik,Korsleting Listrik
Penjaringan,Kota Administrasi Jakarta Utara,Bangunan Perumahan,Listrik,Korsleting Listrik
Bekasi,Kota Bekasi,Bangunan Umum dan Perdagangan,Listrik,Kortleting Listrik
Tangerang,Kota Tangerang,Bangunan Umum dan Perdagangan,Listrik,Kortleting Listrik
Cengkareng,Kota Administrasi Jakarta Barat,Lain-Lain,Listrik,Kortleting Listrik
Jagakarsa,Kota Administrasi Jakarta Selatan,Bangunan Perumahan,Listrik,Korsleting Listrik
Kembangan,Kota Administrasi Jakarta Barat,Kendaraan,Listrik,Konsleting pada pengkabelan mobil
Tanjung Priok,Kota Administrasi Jakarta Utara,Bangunan Umum dan Perdagangan,Listrik,Korsleting Listrik
Tanjung Priok,Kota Administrasi Jakarta Utara,Bangunan Perumahan,Listrik,Korsleting Listrik
Tanjung Priok,Kota Administrasi Jakarta Utara,Bangunan Perumahan,Listrik,Korsleting Listrik
Cengkareng,Kota Administrasi Jakarta Barat,Bangunan Perumahan,Listrik,Kortleting Listrik
Tanjung Priok,Kota Administrasi Jakarta Utara,Bangunan Perumahan,Listrik,Kortleting Listrik
Tambora,Kota Administrasi Jakarta Barat,Bangunan Perumahan,Listrik,Korsleting Listrik
Cengkareng,Kota Administrasi Jakarta Barat,Bangunan Perumahan,Listrik,Korsleting Listrik
Cilincing,Kota Administrasi Jakarta Utara,Lain-Lain,Listrik,Konsleting Listrik
Kalideres,Kota Administrasi Jakarta Barat,Bangunan Umum dan Perdagangan,Listrik,Konsleting Listrik
Pancoran,Kota Administrasi Jakarta Selatan,Kendaraan,Listrik,Kortleting Listrik
Penjaringan,Kota Administrasi Jakarta Utara,Bangunan Umum dan Perdagangan,Listrik,Kortleting Listrik
Tanjung Priok,Kota Administrasi Jakarta Utara,Lain-Lain,Listrik,Konsleting Listrik
Setiabudi,Kota Administrasi Jakarta Selatan,Lain-Lain,Listrik,Kortleting Listrik
Palmerah,Kota Administrasi Jakarta Barat,Lain-Lain,Listrik,Kortleting Listrik
Gambir,Kota Administrasi Jakarta Pusat,Bangunan Umum dan Perdagangan,Listrik,Kortleting Listrik
Koja,Kota Administrasi Jakarta Utara,Bangunan Perumahan,Listrik,Kortleting Listrik
Tangerang,Kota Tangerang,Bangunan Perumahan,Listrik,Korsleting Listrik
Penjaringan,Kota Administrasi Jakarta Utara,Bangunan Perumahan,Listrik,Korsleting Listrik
Sawah Besar,Kota Administrasi Jakarta Pusat,Bangunan Umum dan Perdagangan,Listrik,Korsleting Listrik
Tebet,Kota Administrasi Jakarta Selatan,Bangunan Perumahan,Listrik,Korsleting Listrik
Kalideres,Kota Administrasi Jakarta Barat,Lain-Lain,Listrik,Korsleting Listrik
Koja,Kota Administrasi Jakarta Utara,Lain-Lain,Listrik,Korsleting Listrik
Kemayoran,Kota Administrasi Jakarta Pusat,Lain-Lain,Listrik,Korsleting Listrik
Kebayoran Baru,Kota Administrasi Jakarta Selatan,Bangunan Perumahan,Listrik,Korsleting Listrik
Cipayung,Kota Administrasi Jakarta Timur,Bangunan Umum dan Perdagangan,Listrik,Korsleting Listrik
Matraman,Kota Administrasi Jakarta Timur,Kendaraan,Listrik,Korsleting Listrik
Duren Sawit,Kota Administrasi Jakarta Timur,Bangunan Umum dan Perdagangan,Listrik,Korsleting Listrik
Sawah Besar,Kota Administrasi Jakarta Pusat,Bangunan Umum dan Perdagangan,Listrik,Korsleting Listrik
Tanah Abang,Kota Administrasi Jakarta Pusat,Bangunan Perumahan,Listrik,Korsleting Listrik
Kramat Jati,Kota Administrasi Jakarta Timur,Kendaraan,Listrik,Korsleting Listrik
Kembangan,Kota Administrasi Jakarta Barat,Lain-Lain,Listrik,Korsleting Listrik
Tangerang,Kota Tangerang,Bangunan Umum dan Perdagangan,Listrik,Korsleting Listrik
Pancoran,Kota Administrasi Jakarta Selatan,Bangunan Perumahan,Listrik,Korsleting Listring
Johar Baru,Kota Administrasi Jakarta Pusat,Bangunan Perumahan,Listrik,Korsleting Listrik
Cengkareng,Kota Administrasi Jakarta Barat,Bangunan Perumahan,Lampu,Lampu Tempel
Cilincing,Kota Administrasi Jakarta Utara,Bangunan Perumahan,Lain,Kembang Api
Tebet,Kota Administrasi Jakarta Selatan,Bangunan Umum dan Perdagangan,Lain,Percikan Las
Sawah Besar,Kota Administrasi Jakarta Pusat,Bangunan Umum dan Perdagangan,Lain,Arus Pendek
Matraman,Kota Administrasi Jakarta Timur,Bangunan Umum dan Perdagangan,Lain,Putung Rokok
Cakung,Kota Administrasi Jakarta Timur,Kendaraan,Lain,Percikan api
Pasar Minggu,Kota Administrasi Jakarta Selatan,Lain-Lain,Lain,Kebocoran Gas
Cengkareng,Kota Administrasi Jakarta Barat,Bangunan Umum dan Perdagangan,Lain,Las
Cilandak,Kota Administrasi Jakarta Selatan,Bangunan Industri,Lain,Tungku
Jatinegara,Kota Administrasi Jakarta Timur,Bangunan Perumahan,Lain,Lilin
Kemayoran,Kota Administrasi Jakarta Pusat,Bangunan Perumahan,Lain,Lilin
Tanah Abang,Kota Administrasi Jakarta Pusat,Bangunan Perumahan,Lain,Lilin
Cakung,Kota Administrasi Jakarta Timur,Lain-Lain,Lain,Tersambar Petir
Tanah Abang,Kota Administrasi Jakarta Pusat,Bangunan Perumahan,Lain,Lilin
Grogol Petamburan,Kota Administrasi Jakarta Barat,Bangunan Perumahan,Lain,Lilin
Kramat Jati,Kota Administrasi Jakarta Timur,Bangunan Perumahan,Lain,Lilin
Penjaringan,Kota Administrasi Jakarta Utara,Bangunan Perumahan,Lain,Lilin
Mampang Prapatan,Kota Administrasi Jakarta Selatan,Bangunan Perumahan,Lain,LS
Senen,Kota Administrasi Jakarta Pusat,Lain-Lain,Lain,Bakaran Sampah
Penjaringan,Kota Administrasi Jakarta Utara,Bangunan Perumahan,Lain,Lilin
Kramat Jati,Kota Administrasi Jakarta Timur,Lain-Lain,Lain,Lilin
Senen,Kota Administrasi Jakarta Pusat,Lain-Lain,Lain,Cerobong Panas
Cipayung,Kota Administrasi Jakarta Timur,Lain-Lain,Lain,Bensin tumpah
Duren Sawit,Kota Administrasi Jakarta Timur,Lain-Lain,Lain,Kebocoran Gas
Sawah Besar,Kota Administrasi Jakarta Pusat,Kendaraan,Lain,Tabrakan
Jagakarsa,Kota Administrasi Jakarta Selatan,Lain-Lain,Lain,Orang bakar sampah
Depok,Kota Depok,Bangunan Industri,Lain,Percikan Las
Tebet,Kota Administrasi Jakarta Selatan,Bangunan Perumahan,Lain,Lilin
Penjaringan,Kota Administrasi Jakarta Utara,Bangunan Perumahan,Lain,Lilin terjatuh
Cengkareng,Kota Administrasi Jakarta Barat,Bangunan Industri,Lain,Tumpahan Tinner
Kramat Jati,Kota Administrasi Jakarta Timur,Bangunan Umum dan Perdagangan,Lain,Panas Mesin Bumbu
Johar Baru,Kota Administrasi Jakarta Pusat,Bangunan Perumahan,Lain,Korek Api
Menteng,Kota Administrasi Jakarta Pusat,Bangunan Perumahan,Lain,Konsleting Listrik
Kramat Jati,Kota Administrasi Jakarta Timur,Kendaraan,Lain,Konsleting Kabel Body
Kebayoran Lama,Kota Administrasi Jakarta Selatan,Lain-Lain,Lain,HandPhone meledak
Pademangan,Kota Administrasi Jakarta Utara,Kendaraan,Lain,Gesekan Barang Di Ruang Palka
Cilincing,Kota Administrasi Jakarta Utara,Lain-Lain,Lain,Putung Roko
Kep. Seribu Selatan,Kabupaten Administrasi Kep. Seribu,Lain-Lain,Lain,Kebakaran Hutan
Kramat Jati,Kota Administrasi Jakarta Timur,Lain-Lain,Lain,Ledakan Gas LPJ
Palmerah,Kota Administrasi Jakarta Barat,Lain-Lain,Lain,Tertimpa Pohon
Jatinegara,Kota Administrasi Jakarta Timur,Lain-Lain,Lain,Tidak Diketahui
Tanah Abang,Kota Administrasi Jakarta Pusat,Lain-Lain,Lain,Kembang Api
Kebayoran Lama,Kota Administrasi Jakarta Selatan,Kendaraan,Lain,Api Las
Tambora,Kota Administrasi Jakarta Barat,Bangunan Industri,Lain,Percikan Las
Setiabudi,Kota Administrasi Jakarta Selatan,Kendaraan,Lain,Mobil menabrak Pohon
Cilandak,Kota Administrasi Jakarta Selatan,Bangunan Perumahan,Lain,Percikan api mesin furniture
Menteng,Kota Administrasi Jakarta Pusat,Bangunan Umum dan Perdagangan,Lain,korek gas
Kalideres,Kota Administrasi Jakarta Barat,Bangunan Umum dan Perdagangan,Lain,Mesin pengering ikan asin
Kembangan,Kota Administrasi Jakarta Barat,Bangunan Umum dan Perdagangan,Lain,Kebocoran Mesin Uap
Duren Sawit,Kota Administrasi Jakarta Timur,Bangunan Perumahan,Lain,Lilin Jatuh
Mampang Prapatan,Kota Administrasi Jakarta Selatan,Bangunan Perumahan,Lain,Api Tabunan
Palmerah,Kota Administrasi Jakarta Barat,Bangunan Umum dan Perdagangan,Lain,Perambatan dari bakar sampah
Tamansari,Kota Administrasi Jakarta Barat,Bangunan Perumahan,Lain,Kompor
Cilincing,Kota Administrasi Jakarta Utara,Bangunan Industri,Lain,Percikan api mesin uap
Kalideres,Kota Administrasi Jakarta Barat,Bangunan Industri,Lain,bkar sampah
Tangerang,Kota Tangerang,Bangunan Umum dan Perdagangan,Lain,Korek api
Kalideres,Kota Administrasi Jakarta Barat,Bangunan Industri,Lain,Reaksi Panas
Duren Sawit,Kota Administrasi Jakarta Timur,Bangunan Perumahan,Lain,Korek Api
Tebet,Kota Administrasi Jakarta Selatan,Lain-Lain,Lain,Konsleting listrik
Tebet,Kota Administrasi Jakarta Selatan,Lain-Lain,Lain,Konsleting listrik
Kalideres,Kota Administrasi Jakarta Barat,Bangunan Industri,Lain,
Pesanggrahan,Kota Administrasi Jakarta Selatan,Bangunan Perumahan,Lain,Korek Api
Jagakarsa,Kota Administrasi Jakarta Selatan,Bangunan Perumahan,Lain,Sambaran Petir
Grogol Petamburan,Kota Administrasi Jakarta Barat,Bangunan Perumahan,Lain,Lilin Jatuh
Tamansari,Kota Administrasi Jakarta Barat,Bangunan Umum dan Perdagangan,Lain,Putung Roko
Koja,Kota Administrasi Jakarta Utara,Lain-Lain,Lain,Percikam las
Pesanggrahan,Kota Administrasi Jakarta Selatan,Bangunan Perumahan,Lain,Dibakar
Cakung,Kota Administrasi Jakarta Timur,Bangunan Perumahan,Lain,Bakaran Sampah
Mampang Prapatan,Kota Administrasi Jakarta Selatan,Bangunan Umum dan Perdagangan,Lain,Selang Gas LPG Bocor
Cakung,Kota Administrasi Jakarta Timur,Kendaraan,Lain,Kendaraan menabrak pembatas jalan
Kebayoran Lama,Kota Administrasi Jakarta Selatan,Bangunan Umum dan Perdagangan,Lain,Disengaja
Pademangan,Kota Administrasi Jakarta Utara,Bangunan Industri,Lain,Percikan LAS
Tanjung Priok,Kota Administrasi Jakarta Utara,Lain-Lain,Lain,
Cilincing,Kota Administrasi Jakarta Utara,Bangunan Umum dan Perdagangan,Lain,Api Tabunan
Kebun Jeruk,Kota Administrasi Jakarta Barat,Kendaraan,Lain,Bensin Bocor
Pesanggrahan,Kota Administrasi Jakarta Selatan,Kendaraan,Lain,Kelistrikan Mobil
Kalideres,Kota Administrasi Jakarta Barat,Lain-Lain,Lain,Hawa Panas
Duren Sawit,Kota Administrasi Jakarta Timur,Bangunan Umum dan Perdagangan,Lain,Dibakar
Cempaka Putih,Kota Administrasi Jakarta Pusat,Kendaraan,Lain,Kecelakaan tunggal hingga mobil terbalik
Ciracas,Kota Administrasi Jakarta Timur,Lain-Lain,Lain,Terbakar
Cakung,Kota Administrasi Jakarta Timur,Lain-Lain,Lain,Kebocoran GAS
Matraman,Kota Administrasi Jakarta Timur,Bangunan Perumahan,Lain,Bakar Sampah
Kelapa Gading,Kota Administrasi Jakarta Utara,Bangunan Perumahan,Lain,Percikan LAS
Tambora,Kota Administrasi Jakarta Barat,Lain-Lain,Lain,Petasan
Kebayoran Lama,Kota Administrasi Jakarta Selatan,Kendaraan,Lain,Petasan
Kelapa Gading,Kota Administrasi Jakarta Utara,Kendaraan,Lain,Masih Dalam Proses Identifikasi
Duren Sawit,Kota Administrasi Jakarta Timur,Lain-Lain,Lain,Sampah yang dibakar ditinggal
Kembangan,Kota Administrasi Jakarta Barat,Bangunan Umum dan Perdagangan,Lain,Penyumbatan Cerobong Asap
Kalideres,Kota Administrasi Jakarta Barat,Bangunan Perumahan,Lain,Lilin
Pasar Minggu,Kota Administrasi Jakarta Selatan,Lain-Lain,Lain,Tumpukan sampah yang sengaja di bakar
Kelapa Gading,Kota Administrasi Jakarta Utara,Bangunan Umum dan Perdagangan,Lain,Panas Cerobong Asap Dapur
Tangerang,Kota Tangerang,Bangunan Umum dan Perdagangan,Lain,Petasan
Bekasi,Kota Bekasi,Bangunan Perumahan,Lain,Percikan Las
Cakung,Kota Administrasi Jakarta Timur,Bangunan Perumahan,Lain,Tungku Tambal Ban
Tambora,Kota Administrasi Jakarta Barat,Bangunan Umum dan Perdagangan,Lain,Bakar Sampah
Kramat Jati,Kota Administrasi Jakarta Timur,Kendaraan,Lain,Mobil Tangki terguling akibat hujan deras
Pesanggrahan,Kota Administrasi Jakarta Selatan,Bangunan Perumahan,Lain,Korek Api
Duren Sawit,Kota Administrasi Jakarta Timur,Lain-Lain,Lain,Diketahui Api sudah membesar
Penjaringan,Kota Administrasi Jakarta Utara,Kendaraan,Lain,Percikan Api Las
Sawah Besar,Kota Administrasi Jakarta Pusat,Bangunan Perumahan,Lain,Api Tabunan
Kalideres,Kota Administrasi Jakarta Barat,Bangunan Perumahan,Lain,Obat Nyamuk Bakar
Cilincing,Kota Administrasi Jakarta Utara,Lain-Lain,Lain,Bakar Sampah
Senen,Kota Administrasi Jakarta Pusat,Bangunan Perumahan,Lain,Kebocoran Selang Gas
Tamansari,Kota Administrasi Jakarta Barat,Bangunan Umum dan Perdagangan,Lain,Percikan Las
Cakung,Kota Administrasi Jakarta Timur,Lain-Lain,Lain,Percikan Las
Duren Sawit,Kota Administrasi Jakarta Timur,Lain-Lain,Lain,Warga membakar sampah alan- alang
Kebun Jeruk,Kota Administrasi Jakarta Barat,Lain-Lain,Lain,Petasan
Cipayung,Kota Administrasi Jakarta Timur,Lain-Lain,Lain,Bakar Sampah
Duren Sawit,Kota Administrasi Jakarta Timur,Bangunan Perumahan,Lain,Bakar Sampah
Kalideres,Kota Administrasi Jakarta Barat,Lain-Lain,Lain,Bakar Sampah
Kalideres,Kota Administrasi Jakarta Barat,Bangunan Perumahan,Lain,Lilin
Pesanggrahan,Kota Administrasi Jakarta Selatan,Lain-Lain,Lain,Orang bakar sampah
Cilandak,Kota Administrasi Jakarta Selatan,Lain-Lain,Lain,Bakar Sampah
Kelapa Gading,Kota Administrasi Jakarta Utara,Lain-Lain,Lain,Putung Rokok
Cipayung,Kota Administrasi Jakarta Timur,Lain-Lain,Lain,Warga membakar sampah
Johar Baru,Kota Administrasi Jakarta Pusat,Kendaraan,Lain,Tempratur suhu mesin bus yang terlalu panas
Kemayoran,Kota Administrasi Jakarta Pusat,Bangunan Umum dan Perdagangan,Lain,BBM Premium
Kramat Jati,Kota Administrasi Jakarta Timur,Bangunan Perumahan,Lain,Selang Gas LPG Bocor
Grogol Petamburan,Kota Administrasi Jakarta Barat,Kendaraan,Lain,Tabrakan antara Mobil dan sepeda motor
Tebet,Kota Administrasi Jakarta Selatan,Bangunan Perumahan,Lain,Lilin
Ciracas,Kota Administrasi Jakarta Timur,Bangunan Umum dan Perdagangan,Lain,Kebocoran Tabung Gas
Kebun Jeruk,Kota Administrasi Jakarta Barat,Bangunan Perumahan,Lain,Lilin
Makasar,Kota Administrasi Jakarta Timur,Lain-Lain,Lain,Kebocoran pada selang LPG
Cakung,Kota Administrasi Jakarta Timur,Lain-Lain,Lain,Orang membakar sampah
Kalideres,Kota Administrasi Jakarta Barat,Lain-Lain,Lain,Api Tabunan
Pancoran,Kota Administrasi Jakarta Selatan,Bangunan Umum dan Perdagangan,Lain,Kompor Gas
Kebun Jeruk,Kota Administrasi Jakarta Barat,Lain-Lain,Lain,Warga membakar sampah
Pasar Minggu,Kota Administrasi Jakarta Selatan,Lain-Lain,Lain,Bakar Sampah
Kramat Jati,Kota Administrasi Jakarta Timur,Lain-Lain,Lain,Bakar Sampah
Cilandak,Kota Administrasi Jakarta Selatan,Bangunan Perumahan,Lain,Bakar Sampah
Kembangan,Kota Administrasi Jakarta Barat,Bangunan Perumahan,Lain,Api Tabunan
Pancoran,Kota Administrasi Jakarta Selatan,Lain-Lain,Lain,Api Tabunan
Tangerang,Kota Tangerang,Lain-Lain,Lain,Warga membakar sampah
Jagakarsa,Kota Administrasi Jakarta Selatan,Bangunan Perumahan,Lain,Korek Api
Kebun Jeruk,Kota Administrasi Jakarta Barat,Bangunan Perumahan,Lain,Oven Pemanas
Kebayoran Baru,Kota Administrasi Jakarta Selatan,Lain-Lain,Lain,Api Tabunan
Bekasi,Kota Bekasi,Bangunan Industri,Lain,Belum diketahui
Cakung,Kota Administrasi Jakarta Timur,Bangunan Industri,Lain,Tungku Dapur Produksi
Grogol Petamburan,Kota Administrasi Jakarta Barat,Bangunan Industri,Lain,Percikan Api Las
Sawah Besar,Kota Administrasi Jakarta Pusat,Bangunan Umum dan Perdagangan,Lain,Bensin
Kebun Jeruk,Kota Administrasi Jakarta Barat,Lain-Lain,Lain,Warga membakar sampah
Kebayoran Lama,Kota Administrasi Jakarta Selatan,Bangunan Perumahan,Lain,Api Tabunan
Duren Sawit,Kota Administrasi Jakarta Timur,Bangunan Perumahan,Lain,Kerusuhan
Kalideres,Kota Administrasi Jakarta Barat,Kendaraan,Lain,Orang bakar sampah
Kembangan,Kota Administrasi Jakarta Barat,Kendaraan,Lain,Pecah Ban
Penjaringan,Kota Administrasi Jakarta Utara,Bangunan Industri,Lain,Belum di ketahui
Tanjung Priok,Kota Administrasi Jakarta Utara,Lain-Lain,Lain,Warga membakar sampah
Tanjung Priok,Kota Administrasi Jakarta Utara,Lain-Lain,Lain,Warga membakar sampah
Duren Sawit,Kota Administrasi Jakarta Timur,Lain-Lain,Lain,Bakaran Sampah
Duren Sawit,Kota Administrasi Jakarta Timur,Lain-Lain,Lain,Sampah Dibakar
Kebun Jeruk,Kota Administrasi Jakarta Barat,Bangunan Umum dan Perdagangan,Lain,Percikan Api
Penjaringan,Kota Administrasi Jakarta Utara,Lain-Lain,Lain,Tumpukan Sampah  
Tanah Abang,Kota Administrasi Jakarta Pusat,Bangunan Perumahan,Lain,Lilin
Cilincing,Kota Administrasi Jakarta Utara,Bangunan Perumahan,Lain,Latihan
Tebet,Kota Administrasi Jakarta Selatan,Lain-Lain,Lain,Api Tabunan
Grogol Petamburan,Kota Administrasi Jakarta Barat,Bangunan Industri,Lain,Penyalaan kembali diPabrik Plastik
Cakung,Kota Administrasi Jakarta Timur,Lain-Lain,Lain,Percikan alat pemotong besi
Cakung,Kota Administrasi Jakarta Timur,Lain-Lain,Lain,Sengaja di bakar
Cilandak,Kota Administrasi Jakarta Selatan,Lain-Lain,Lain,Sengaja di bakar
Setiabudi,Kota Administrasi Jakarta Selatan,Lain-Lain,Lain,Kortleting Listrik
Pesanggrahan,Kota Administrasi Jakarta Selatan,Lain-Lain,Lain,Api Tabunan
Grogol Petamburan,Kota Administrasi Jakarta Barat,Lain-Lain,Lain,Radiasi panas matahari
Duren Sawit,Kota Administrasi Jakarta Timur,Lain-Lain,Lain,Sengaja di bakar
Tanjung Priok,Kota Administrasi Jakarta Utara,Bangunan Perumahan,Lain,Bensin mengenai kompor
Pulogadung,Kota Administrasi Jakarta Timur,Lain-Lain,Lain,Las Listrik
Makasar,Kota Administrasi Jakarta Timur,Lain-Lain,Lain,Dibakar Warga
Grogol Petamburan,Kota Administrasi Jakarta Barat,Lain-Lain,Lain,Percikan Api Las
Palmerah,Kota Administrasi Jakarta Barat,Bangunan Umum dan Perdagangan,Lain,Percikan Api Las
Kebun Jeruk,Kota Administrasi Jakarta Barat,Lain-Lain,Lain,Pemulung membakar sampah
Jagakarsa,Kota Administrasi Jakarta Selatan,Bangunan Perumahan,Lain,Puntung Rokok
Senen,Kota Administrasi Jakarta Pusat,Kendaraan,Lain,Korsleting Accu
Kelapa Gading,Kota Administrasi Jakarta Utara,Lain-Lain,Lain,Percikan Api Las
Pulogadung,Kota Administrasi Jakarta Timur,Bangunan Perumahan,Lain,Lilin
Cakung,Kota Administrasi Jakarta Timur,Bangunan Industri,Lain,Akibat Bilet merah (hasil peleburan logam) yang terjatuh terkebab limbah batu bara
Tamansari,Kota Administrasi Jakarta Barat,Bangunan Umum dan Perdagangan,Lain,Perambatan dari pembakaran sampah
Pesanggrahan,Kota Administrasi Jakarta Selatan,Bangunan Umum dan Perdagangan,Lain,Tabung Gas
Pancoran,Kota Administrasi Jakarta Selatan,Bangunan Perumahan,Lain,Rice Cooker
Cilincing,Kota Administrasi Jakarta Utara,Bangunan Perumahan,Lain,Bakaran Sampah
Kembangan,Kota Administrasi Jakarta Barat,Bangunan Umum dan Perdagangan,Lain,Oven Pemanas
Palmerah,Kota Administrasi Jakarta Barat,Bangunan Perumahan,Lain,Kompos terlalu panas
Kebayoran Baru,Kota Administrasi Jakarta Selatan,Bangunan Perumahan,Lain,Selang Kompor Gas Bocor
Kalideres,Kota Administrasi Jakarta Barat,Lain-Lain,Lain,Bensin yang menyambar wadah api tambal ban
Cipayung,Kota Administrasi Jakarta Timur,Bangunan Perumahan,Lain,Kebocoran Selang Regulator Gas
Cilandak,Kota Administrasi Jakarta Selatan,Lain-Lain,Lain,Kebocoran Selang Regulator Gas
Jagakarsa,Kota Administrasi Jakarta Selatan,Lain-Lain,Lain,Kebocoran Selang Regulator Gas
Pesanggrahan,Kota Administrasi Jakarta Selatan,Kendaraan,Lain,Kecelakaan
Penjaringan,Kota Administrasi Jakarta Utara,Bangunan Perumahan,Lain,Lilin
Tebet,Kota Administrasi Jakarta Selatan,Bangunan Perumahan,Lain,Kebocoran Selang Regulator Gas
Pasar Minggu,Kota Administrasi Jakarta Selatan,Bangunan Perumahan,Lain,Kebocoran Selang Regulator Gas
Tanah Abang,Kota Administrasi Jakarta Pusat,Lain-Lain,Lain,Kebocoran pada pipa freon AC
Jatinegara,Kota Administrasi Jakarta Timur,Bangunan Umum dan Perdagangan,Lain,
Pesanggrahan,Kota Administrasi Jakarta Selatan,Bangunan Umum dan Perdagangan,Lain,Api Tabunan
Setiabudi,Kota Administrasi Jakarta Selatan,Bangunan Perumahan,Lain,Kasur yang terbakar rokok
Pasar Rebo,Kota Administrasi Jakarta Timur,Bangunan Perumahan,Lain,Bensin
Cakung,Kota Administrasi Jakarta Timur,Bangunan Umum dan Perdagangan,Lain,Percikan api lasan
Tanah Abang,Kota Administrasi Jakarta Pusat,Kendaraan,Lain,Kecelakaan
Gambir,Kota Administrasi Jakarta Pusat,Bangunan Umum dan Perdagangan,Lain,Gas Bocor
Penjaringan,Kota Administrasi Jakarta Utara,Kendaraan,Lain,Penyebab kebakaran tidak diketahui
Pancoran,Kota Administrasi Jakarta Selatan,Bangunan Umum dan Perdagangan,Lain,Kebocoran pada regulator kompor gas
Menteng,Kota Administrasi Jakarta Pusat,Bangunan Perumahan,Lain,Gas Bocor
Tanah Abang,Kota Administrasi Jakarta Pusat,Bangunan Umum dan Perdagangan,Kompor,Kompor
Tanah Abang,Kota Administrasi Jakarta Pusat,Bangunan Perumahan,Kompor,Selang Bocor
Kebun Jeruk,Kota Administrasi Jakarta Barat,Bangunan Umum dan Perdagangan,Kompor,Kompor Meledak
Matraman,Kota Administrasi Jakarta Timur,Bangunan Perumahan,Kompor,Kompor Meledak
Jagakarsa,Kota Administrasi Jakarta Selatan,Bangunan Perumahan,Kompor,Selang Bocor
Cilandak,Kota Administrasi Jakarta Selatan,Bangunan Perumahan,Kompor,Lupa Mematikan Kompor
Cakung,Kota Administrasi Jakarta Timur,Bangunan Industri,Kompor,Kompor Meledak
Cakung,Kota Administrasi Jakarta Timur,Bangunan Perumahan,Kompor,Kompor 
Pasar Minggu,Kota Administrasi Jakarta Selatan,Bangunan Umum dan Perdagangan,Kompor,Kompor Meledak
Matraman,Kota Administrasi Jakarta Timur,Lain-Lain,Kompor,Gas Bocor
Pulogadung,Kota Administrasi Jakarta Timur,Bangunan Perumahan,Kompor,Kompor Meledak
Tangerang,Kota Tangerang,Bangunan Perumahan,Kompor,Gas Bocor
Johar Baru,Kota Administrasi Jakarta Pusat,Bangunan Perumahan,Kompor,
Penjaringan,Kota Administrasi Jakarta Utara,Bangunan Umum dan Perdagangan,Kompor,Kompor gas
Tebet,Kota Administrasi Jakarta Selatan,Bangunan Perumahan,Kompor,Masakan yang di tinggal
Kembangan,Kota Administrasi Jakarta Barat,Bangunan Perumahan,Kompor,Kebocoran pada selang kompor gas 3Kg
Tanjung Priok,Kota Administrasi Jakarta Utara,Bangunan Perumahan,Kompor,Kompor Gas Bocor
Kelapa Gading,Kota Administrasi Jakarta Utara,Bangunan Perumahan,Kompor,Kompor Meledak
Tambora,Kota Administrasi Jakarta Barat,Bangunan Umum dan Perdagangan,Kompor,Kebocoran Kompor Gas
Cengkareng,Kota Administrasi Jakarta Barat,Lain-Lain,Kompor,Selang Gas LPG Bocor
Cengkareng,Kota Administrasi Jakarta Barat,Bangunan Perumahan,Kompor,Gas Bocor
Ciracas,Kota Administrasi Jakarta Timur,Bangunan Perumahan,Kompor,Kompor gas LPG Bocor
Kelapa Gading,Kota Administrasi Jakarta Utara,Bangunan Perumahan,Kompor,Selang Gas LPG Bocor
Tebet,Kota Administrasi Jakarta Selatan,Bangunan Perumahan,Kompor,Gas Bocor
Kebun Jeruk,Kota Administrasi Jakarta Barat,Bangunan Perumahan,Kompor,Kompor Meledak
Penjaringan,Kota Administrasi Jakarta Utara,Bangunan Perumahan,Kompor,Kebocoran pada selang kompor gas LPG
Palmerah,Kota Administrasi Jakarta Barat,Bangunan Perumahan,Kompor,Kompor Meledak
Bekasi,Kota Bekasi,Bangunan Umum dan Perdagangan,Kompor,Kompor Gas
Tanjung Priok,Kota Administrasi Jakarta Utara,Bangunan Perumahan,Kompor,Kompor Gas
Menteng,Kota Administrasi Jakarta Pusat,Bangunan Perumahan,Kompor,Kompor Gas
Kebayoran Baru,Kota Administrasi Jakarta Selatan,Bangunan Umum dan Perdagangan,Kompor,Kompor Gas
Kebun Jeruk,Kota Administrasi Jakarta Barat,Bangunan Perumahan,Kompor,Kompor Meledak
Pancoran,Kota Administrasi Jakarta Selatan,Lain-Lain,Kompor,Masak Air Di Tinggal
Pulogadung,Kota Administrasi Jakarta Timur,Bangunan Perumahan,Kompor,Kompor Meledak
Pasar Rebo,Kota Administrasi Jakarta Timur,Lain-Lain,Kompor,Kompor Gas LPG
Kelapa Gading,Kota Administrasi Jakarta Utara,Bangunan Perumahan,Kompor,Ledakan Kompor Gas
Ciracas,Kota Administrasi Jakarta Timur,Lain-Lain,Kompor,Kebocoran pada selang gas LPG
Menteng,Kota Administrasi Jakarta Pusat,Bangunan Umum dan Perdagangan,Kompor,Api Terlalu besar
Pasar Minggu,Kota Administrasi Jakarta Selatan,Bangunan Umum dan Perdagangan,Kompor,Kompor Gas
Duren Sawit,Kota Administrasi Jakarta Timur,Bangunan Umum dan Perdagangan,Kompor,Kebocoran Selang Gas Elpiji
Duren Sawit,Kota Administrasi Jakarta Timur,Lain-Lain,Kompor,Terjadi letupan 
Kalideres,Kota Administrasi Jakarta Barat,Lain-Lain,Kompor,Selang Gas LPG Bocor
Cempaka Putih,Kota Administrasi Jakarta Pusat,Lain-Lain,Kompor,Kebocoran pada selang regulator kompor gas
Kembangan,Kota Administrasi Jakarta Barat,Lain-Lain,Kompor,Tabung gas meledak
Cilandak,Kota Administrasi Jakarta Selatan,Lain-Lain,Kompor,Selang Gas LPG Bocor
Koja,Kota Administrasi Jakarta Utara,Bangunan Umum dan Perdagangan,Kompor,Kompor Meledak
Kalideres,Kota Administrasi Jakarta Barat,Bangunan Perumahan,Kompor,Kompor Meledak
Matraman,Kota Administrasi Jakarta Timur,Bangunan Perumahan,Kompor,Kompor Meledak
Kemayoran,Kota Administrasi Jakarta Pusat,Bangunan Perumahan,Kompor,Kompor Meledak
Cilincing,Kota Administrasi Jakarta Utara,Bangunan Perumahan,Kompor,Kompor Meledak
Penjaringan,Kota Administrasi Jakarta Utara,Bangunan Perumahan,Kompor,Kebocoran Gas
Senen,Kota Administrasi Jakarta Pusat,Bangunan Perumahan,Kompor,Terjadi ledakan pada kompor
Tangerang,Kota Tangerang,Bangunan Perumahan,Kompor,Selang Kompor Gas Bocor
Cengkareng,Kota Administrasi Jakarta Barat,Bangunan Perumahan,Kompor,Kompor Meledak
Kebun Jeruk,Kota Administrasi Jakarta Barat,Bangunan Perumahan,Kompor,Gas Bocor
Tangerang,Kota Tangerang,Bangunan Industri,,
